[
  {
    "model": "contenttypes.contenttype",
    "pk": 1,
    "fields": {
      "app_label": "admin",
      "model": "logentry"
    }
  },
  {
    "model": "contenttypes.contenttype",
    "pk": 2,
    "fields": {
      "app_label": "auth",
      "model": "permission"
    }
  },
  {
    "model": "contenttypes.contenttype",
    "pk": 3,
    "fields": {
      "app_label": "auth",
      "model": "group"
    }
  },
  {
    "model": "contenttypes.contenttype",
    "pk": 4,
    "fields": {
      "app_label": "contenttypes",
      "model": "contenttype"
    }
  },
  {
    "model": "contenttypes.contenttype",
    "pk": 5,
    "fields": {
      "app_label": "sessions",
      "model": "session"
    }
  },
  {
    "model": "contenttypes.contenttype",
    "pk": 6,
    "fields": {
      "app_label": "unity_userdata",
      "model": "player"
    }
  },
  {
    "model": "contenttypes.contenttype",
    "pk": 7,
    "fields": {
      "app_label": "unity_userdata",
      "model": "gamesession"
    }
  },
  {
    "model": "contenttypes.contenttype",
    "pk": 8,
    "fields": {
      "app_label": "unity_userdata",
      "model": "player_gamesession"
    }
  },
  {
    "model": "contenttypes.contenttype",
    "pk": 9,
    "fields": {
      "app_label": "authtoken",
      "model": "token"
    }
  },
  {
    "model": "unity_userdata.gamesession",
    "pk": "08f491ad-5d50-470f-bcc1-86b64a31905f",
    "fields": {}
  },
  {
    "model": "unity_userdata.gamesession",
    "pk": "1222d94e-271c-4664-942e-169cc173bfa4",
    "fields": {}
  },
  {
    "model": "unity_userdata.gamesession",
    "pk": "32566e77-1679-439e-926f-77c7a8622c9f",
    "fields": {}
  },
  {
    "model": "unity_userdata.gamesession",
    "pk": "34236cc4-3ec3-4532-b345-d742298e48c8",
    "fields": {}
  },
  {
    "model": "unity_userdata.gamesession",
    "pk": "62e6897c-322f-49c3-bded-5843de39ed03",
    "fields": {}
  },
  {
    "model": "unity_userdata.gamesession",
    "pk": "6eaef831-a7be-4d2a-b12a-66690ab0cf70",
    "fields": {}
  },
  {
    "model": "unity_userdata.gamesession",
    "pk": "70f5f46d-4e48-4a18-ac29-ca8ffa6a27b8",
    "fields": {}
  },
  {
    "model": "unity_userdata.gamesession",
    "pk": "835fedef-df3e-470f-9bc3-5e2935f0db13",
    "fields": {}
  },
  {
    "model": "unity_userdata.gamesession",
    "pk": "d94adff3-1195-46a0-9adc-147d3e968511",
    "fields": {}
  },
  {
    "model": "unity_userdata.gamesession",
    "pk": "e48a19d6-061b-4414-ba6a-d01f66af72e1",
    "fields": {}
  },
  {
    "model": "auth.permission",
    "pk": 1,
    "fields": {
      "name": "Can add log entry",
      "content_type": 1,
      "codename": "add_logentry"
    }
  },
  {
    "model": "auth.permission",
    "pk": 2,
    "fields": {
      "name": "Can change log entry",
      "content_type": 1,
      "codename": "change_logentry"
    }
  },
  {
    "model": "auth.permission",
    "pk": 3,
    "fields": {
      "name": "Can delete log entry",
      "content_type": 1,
      "codename": "delete_logentry"
    }
  },
  {
    "model": "auth.permission",
    "pk": 4,
    "fields": {
      "name": "Can add permission",
      "content_type": 2,
      "codename": "add_permission"
    }
  },
  {
    "model": "auth.permission",
    "pk": 5,
    "fields": {
      "name": "Can change permission",
      "content_type": 2,
      "codename": "change_permission"
    }
  },
  {
    "model": "auth.permission",
    "pk": 6,
    "fields": {
      "name": "Can delete permission",
      "content_type": 2,
      "codename": "delete_permission"
    }
  },
  {
    "model": "auth.permission",
    "pk": 7,
    "fields": {
      "name": "Can add group",
      "content_type": 3,
      "codename": "add_group"
    }
  },
  {
    "model": "auth.permission",
    "pk": 8,
    "fields": {
      "name": "Can change group",
      "content_type": 3,
      "codename": "change_group"
    }
  },
  {
    "model": "auth.permission",
    "pk": 9,
    "fields": {
      "name": "Can delete group",
      "content_type": 3,
      "codename": "delete_group"
    }
  },
  {
    "model": "auth.permission",
    "pk": 10,
    "fields": {
      "name": "Can add content type",
      "content_type": 4,
      "codename": "add_contenttype"
    }
  },
  {
    "model": "auth.permission",
    "pk": 11,
    "fields": {
      "name": "Can change content type",
      "content_type": 4,
      "codename": "change_contenttype"
    }
  },
  {
    "model": "auth.permission",
    "pk": 12,
    "fields": {
      "name": "Can delete content type",
      "content_type": 4,
      "codename": "delete_contenttype"
    }
  },
  {
    "model": "auth.permission",
    "pk": 13,
    "fields": {
      "name": "Can add session",
      "content_type": 5,
      "codename": "add_session"
    }
  },
  {
    "model": "auth.permission",
    "pk": 14,
    "fields": {
      "name": "Can change session",
      "content_type": 5,
      "codename": "change_session"
    }
  },
  {
    "model": "auth.permission",
    "pk": 15,
    "fields": {
      "name": "Can delete session",
      "content_type": 5,
      "codename": "delete_session"
    }
  },
  {
    "model": "auth.permission",
    "pk": 16,
    "fields": {
      "name": "Can add user",
      "content_type": 6,
      "codename": "add_player"
    }
  },
  {
    "model": "auth.permission",
    "pk": 17,
    "fields": {
      "name": "Can change user",
      "content_type": 6,
      "codename": "change_player"
    }
  },
  {
    "model": "auth.permission",
    "pk": 18,
    "fields": {
      "name": "Can delete user",
      "content_type": 6,
      "codename": "delete_player"
    }
  },
  {
    "model": "auth.permission",
    "pk": 19,
    "fields": {
      "name": "Can add game session",
      "content_type": 7,
      "codename": "add_gamesession"
    }
  },
  {
    "model": "auth.permission",
    "pk": 20,
    "fields": {
      "name": "Can change game session",
      "content_type": 7,
      "codename": "change_gamesession"
    }
  },
  {
    "model": "auth.permission",
    "pk": 21,
    "fields": {
      "name": "Can delete game session",
      "content_type": 7,
      "codename": "delete_gamesession"
    }
  },
  {
    "model": "auth.permission",
    "pk": 22,
    "fields": {
      "name": "Can add player_ game session",
      "content_type": 8,
      "codename": "add_player_gamesession"
    }
  },
  {
    "model": "auth.permission",
    "pk": 23,
    "fields": {
      "name": "Can change player_ game session",
      "content_type": 8,
      "codename": "change_player_gamesession"
    }
  },
  {
    "model": "auth.permission",
    "pk": 24,
    "fields": {
      "name": "Can delete player_ game session",
      "content_type": 8,
      "codename": "delete_player_gamesession"
    }
  },
  {
    "model": "auth.permission",
    "pk": 25,
    "fields": {
      "name": "Can add Token",
      "content_type": 9,
      "codename": "add_token"
    }
  },
  {
    "model": "auth.permission",
    "pk": 26,
    "fields": {
      "name": "Can change Token",
      "content_type": 9,
      "codename": "change_token"
    }
  },
  {
    "model": "auth.permission",
    "pk": 27,
    "fields": {
      "name": "Can delete Token",
      "content_type": 9,
      "codename": "delete_token"
    }
  },
  {
    "model": "unity_userdata.player",
    "pk": 1,
    "fields": {
      "password": "pbkdf2_sha256$36000$uOsZZpXH12WU$hHnml06fOL5GdKuIWCTZp/iSC2FC0y2je5MV6JWKm0w=",
      "last_login": null,
      "is_superuser": false,
      "first_name": "",
      "last_name": "",
      "is_staff": false,
      "is_active": true,
      "date_joined": "2017-10-30T22:00:03.243Z",
      "username": "nullacum",
      "email": "bartlettsheila@johnson.com",
      "groups": [],
      "user_permissions": []
    }
  },
  {
    "model": "unity_userdata.player",
    "pk": 2,
    "fields": {
      "password": "pbkdf2_sha256$36000$OZiWCJXLAZP8$XxAIHF4BOfbtrSCWrKrhtmPGE6WCGnw06Vd9jt/XQW8=",
      "last_login": null,
      "is_superuser": false,
      "first_name": "",
      "last_name": "",
      "is_staff": false,
      "is_active": true,
      "date_joined": "2017-10-30T22:00:03.296Z",
      "username": "exad",
      "email": "reedcindy@ford.com",
      "groups": [],
      "user_permissions": []
    }
  },
  {
    "model": "unity_userdata.player",
    "pk": 3,
    "fields": {
      "password": "pbkdf2_sha256$36000$O1KYZ7KdT3KG$/x6h7rkjGTJ8QicTs3w4m+Fn5FS5om7Bs8UG7GfZq58=",
      "last_login": null,
      "is_superuser": false,
      "first_name": "",
      "last_name": "",
      "is_staff": false,
      "is_active": true,
      "date_joined": "2017-10-30T22:00:03.341Z",
      "username": "providentplaceat",
      "email": "contrerasrita@guzman.net",
      "groups": [],
      "user_permissions": []
    }
  },
  {
    "model": "unity_userdata.player",
    "pk": 4,
    "fields": {
      "password": "pbkdf2_sha256$36000$a2O6oYrKMIuj$Jgg5olQnIGsucLW4tUttdaMF6Bl5nK6jlRKDpyUJzBw=",
      "last_login": null,
      "is_superuser": false,
      "first_name": "",
      "last_name": "",
      "is_staff": false,
      "is_active": true,
      "date_joined": "2017-10-30T22:00:03.386Z",
      "username": "repellendusaperiam",
      "email": "newmantimothy@yahoo.com",
      "groups": [],
      "user_permissions": []
    }
  },
  {
    "model": "unity_userdata.player",
    "pk": 5,
    "fields": {
      "password": "pbkdf2_sha256$36000$B6mpcPU2t6j8$3TkU04HTEGqtGZKO+rASPNWt6jqbhvh4huTh/VcIZxY=",
      "last_login": null,
      "is_superuser": false,
      "first_name": "",
      "last_name": "",
      "is_staff": false,
      "is_active": true,
      "date_joined": "2017-10-30T22:00:03.432Z",
      "username": "fugiatexpedita",
      "email": "qmcdowell@david.com",
      "groups": [],
      "user_permissions": []
    }
  },
  {
    "model": "unity_userdata.player",
    "pk": 6,
    "fields": {
      "password": "pbkdf2_sha256$36000$XOxP2RJvs4RN$T6vOfMhNoof0fd2gs6lyhGVz4Y2YaWt5YTrcJFuDRJ0=",
      "last_login": null,
      "is_superuser": false,
      "first_name": "",
      "last_name": "",
      "is_staff": false,
      "is_active": true,
      "date_joined": "2017-10-30T22:00:03.477Z",
      "username": "iustodicta",
      "email": "ejackson@hotmail.com",
      "groups": [],
      "user_permissions": []
    }
  },
  {
    "model": "unity_userdata.player",
    "pk": 7,
    "fields": {
      "password": "pbkdf2_sha256$36000$kUfwe5SBjUGd$KVte7eqwND6WQ1n/8fROObVLZmq/9UIbtNQslMJJZGQ=",
      "last_login": null,
      "is_superuser": false,
      "first_name": "",
      "last_name": "",
      "is_staff": false,
      "is_active": true,
      "date_joined": "2017-10-30T22:00:03.528Z",
      "username": "praesentiumdolorem",
      "email": "drewpineda@krueger.com",
      "groups": [],
      "user_permissions": []
    }
  },
  {
    "model": "unity_userdata.player",
    "pk": 8,
    "fields": {
      "password": "pbkdf2_sha256$36000$ZqBZw36nGIVA$bOc9h+Nlz0Dn/unNywb2qNW70RQSU2mhtDz6Kcr6dhw=",
      "last_login": null,
      "is_superuser": false,
      "first_name": "",
      "last_name": "",
      "is_staff": false,
      "is_active": true,
      "date_joined": "2017-10-30T22:00:03.574Z",
      "username": "oditanimi",
      "email": "eileen02@yahoo.com",
      "groups": [],
      "user_permissions": []
    }
  },
  {
    "model": "unity_userdata.player",
    "pk": 9,
    "fields": {
      "password": "pbkdf2_sha256$36000$cnRl5wVUG4Kl$YGPQyox/CnGqH237zornaSolwkNnDZjVtVqGsN4mZOY=",
      "last_login": null,
      "is_superuser": false,
      "first_name": "",
      "last_name": "",
      "is_staff": false,
      "is_active": true,
      "date_joined": "2017-10-30T22:00:03.621Z",
      "username": "dolorin",
      "email": "ywilliams@simpson-aguilar.info",
      "groups": [],
      "user_permissions": []
    }
  },
  {
    "model": "unity_userdata.player",
    "pk": 10,
    "fields": {
      "password": "pbkdf2_sha256$36000$IoWoLwXPzVaI$JCq1yLDDgVkFOeM6r3G25/aiGKGX5hm6btuen0Ioa8I=",
      "last_login": null,
      "is_superuser": false,
      "first_name": "",
      "last_name": "",
      "is_staff": false,
      "is_active": true,
      "date_joined": "2017-10-30T22:00:03.662Z",
      "username": "pariaturaperiam",
      "email": "scottnorman@yahoo.com",
      "groups": [],
      "user_permissions": []
    }
  },
  {
    "model": "unity_userdata.player",
    "pk": 11,
    "fields": {
      "password": "pbkdf2_sha256$36000$NlpUp7A0Q2K0$udgQnZKnGjGs1c36KAOzZ2f5uK05k+1cOkIcy6i0iF4=",
      "last_login": null,
      "is_superuser": false,
      "first_name": "",
      "last_name": "",
      "is_staff": false,
      "is_active": true,
      "date_joined": "2017-10-30T22:00:03.708Z",
      "username": "impeditharum",
      "email": "roberthammond@garcia.com",
      "groups": [],
      "user_permissions": []
    }
  },
  {
    "model": "unity_userdata.player",
    "pk": 12,
    "fields": {
      "password": "pbkdf2_sha256$36000$xORiK27vbLCn$ts+MF7sVWSrh5bzEs9NvV0kPdiRa0/E+T/KqIoJKkUM=",
      "last_login": null,
      "is_superuser": false,
      "first_name": "",
      "last_name": "",
      "is_staff": false,
      "is_active": true,
      "date_joined": "2017-10-30T22:00:03.754Z",
      "username": "temporibusearum",
      "email": "parklisa@gmail.com",
      "groups": [],
      "user_permissions": []
    }
  },
  {
    "model": "unity_userdata.player",
    "pk": 13,
    "fields": {
      "password": "pbkdf2_sha256$36000$7gYOiXGjuPl7$ps4sKWKnhl7tBCGog6Q0TxWxNUYAGfm8jeVSiLL1ixA=",
      "last_login": null,
      "is_superuser": false,
      "first_name": "",
      "last_name": "",
      "is_staff": false,
      "is_active": true,
      "date_joined": "2017-10-30T22:00:03.798Z",
      "username": "repellendusfugiat",
      "email": "laura71@foster.com",
      "groups": [],
      "user_permissions": []
    }
  },
  {
    "model": "unity_userdata.player",
    "pk": 14,
    "fields": {
      "password": "pbkdf2_sha256$36000$MSS49iqIecjP$VlnLT4jstp1C1tXe0JZPUOHlk0omSrJ284hduCmOmuI=",
      "last_login": null,
      "is_superuser": false,
      "first_name": "",
      "last_name": "",
      "is_staff": false,
      "is_active": true,
      "date_joined": "2017-10-30T22:00:03.845Z",
      "username": "ametest",
      "email": "kevin71@scott.com",
      "groups": [],
      "user_permissions": []
    }
  },
  {
    "model": "unity_userdata.player",
    "pk": 15,
    "fields": {
      "password": "pbkdf2_sha256$36000$wt9Y4Vbwb1By$CJbvdgb8hKT6t4boyo4ZZiUHUg7KCzlxfOprImNDV00=",
      "last_login": null,
      "is_superuser": false,
      "first_name": "",
      "last_name": "",
      "is_staff": false,
      "is_active": true,
      "date_joined": "2017-10-30T22:00:03.896Z",
      "username": "consequunturnam",
      "email": "zmason@galvan-harris.biz",
      "groups": [],
      "user_permissions": []
    }
  },
  {
    "model": "unity_userdata.player",
    "pk": 16,
    "fields": {
      "password": "pbkdf2_sha256$36000$USNM5Cq2EEL1$JRs0EgOeeV2L6zjZhVqBQlow86jolXKshv1xj59CtR0=",
      "last_login": null,
      "is_superuser": false,
      "first_name": "",
      "last_name": "",
      "is_staff": false,
      "is_active": true,
      "date_joined": "2017-10-30T22:00:03.945Z",
      "username": "doloribusreprehenderit",
      "email": "bruce58@porter.info",
      "groups": [],
      "user_permissions": []
    }
  },
  {
    "model": "unity_userdata.player",
    "pk": 17,
    "fields": {
      "password": "pbkdf2_sha256$36000$s8qJKjCJij24$TgyJSJ1bZxfBZbcsA8SFhCzY47a8eAs1Mm8zXTo8AYQ=",
      "last_login": null,
      "is_superuser": false,
      "first_name": "",
      "last_name": "",
      "is_staff": false,
      "is_active": true,
      "date_joined": "2017-10-30T22:00:03.990Z",
      "username": "iustodeserunt",
      "email": "webersara@jones.com",
      "groups": [],
      "user_permissions": []
    }
  },
  {
    "model": "unity_userdata.player",
    "pk": 18,
    "fields": {
      "password": "pbkdf2_sha256$36000$yG3vgOJuy4iX$pf+27Ug7mmOmpJzjlEwu/yvWmZazvkAOvOfe/3v+0t0=",
      "last_login": null,
      "is_superuser": false,
      "first_name": "",
      "last_name": "",
      "is_staff": false,
      "is_active": true,
      "date_joined": "2017-10-30T22:00:04.038Z",
      "username": "temporecommodi",
      "email": "billmyers@clark-carson.biz",
      "groups": [],
      "user_permissions": []
    }
  },
  {
    "model": "unity_userdata.player",
    "pk": 19,
    "fields": {
      "password": "pbkdf2_sha256$36000$5zy2mVbOIoQb$pF6kVERiF1XQDNgqfzO6Cu6ihutxZ9GO/gH2gDZUKZA=",
      "last_login": null,
      "is_superuser": false,
      "first_name": "",
      "last_name": "",
      "is_staff": false,
      "is_active": true,
      "date_joined": "2017-10-30T22:00:04.084Z",
      "username": "hicquidem",
      "email": "kflores@gmail.com",
      "groups": [],
      "user_permissions": []
    }
  },
  {
    "model": "unity_userdata.player",
    "pk": 20,
    "fields": {
      "password": "pbkdf2_sha256$36000$NjeebLrAAvIc$Tn7uUnjtnbupkid9oTrnzDAggXN+5e434XjgOr7cYP0=",
      "last_login": null,
      "is_superuser": false,
      "first_name": "",
      "last_name": "",
      "is_staff": false,
      "is_active": true,
      "date_joined": "2017-10-30T22:00:04.128Z",
      "username": "quibusdamconsectetur",
      "email": "robert94@hotmail.com",
      "groups": [],
      "user_permissions": []
    }
  },
  {
    "model": "unity_userdata.player",
    "pk": 21,
    "fields": {
      "password": "pbkdf2_sha256$36000$LLyME05bR7Ph$AFIvU04L0XH2Ro2T00/DxnQzbHfHsJSUibepHxCM3ho=",
      "last_login": null,
      "is_superuser": false,
      "first_name": "",
      "last_name": "",
      "is_staff": false,
      "is_active": true,
      "date_joined": "2017-10-30T22:00:04.174Z",
      "username": "cumvoluptates",
      "email": "jason96@gmail.com",
      "groups": [],
      "user_permissions": []
    }
  },
  {
    "model": "unity_userdata.player",
    "pk": 22,
    "fields": {
      "password": "pbkdf2_sha256$36000$45tGDvhaYdPZ$e2xRTI0sANNN27bpj1PATIy52WGU3NB3Q25UbfcHlk8=",
      "last_login": null,
      "is_superuser": false,
      "first_name": "",
      "last_name": "",
      "is_staff": false,
      "is_active": true,
      "date_joined": "2017-10-30T22:00:04.226Z",
      "username": "laudantiumnulla",
      "email": "tmartin@jones.com",
      "groups": [],
      "user_permissions": []
    }
  },
  {
    "model": "unity_userdata.player",
    "pk": 23,
    "fields": {
      "password": "pbkdf2_sha256$36000$XZxNxMSNt9QM$hx2+i/quOuGa+dJEqpjRQ5o8zpqm8FCuUP5lGRP6Hsw=",
      "last_login": null,
      "is_superuser": false,
      "first_name": "",
      "last_name": "",
      "is_staff": false,
      "is_active": true,
      "date_joined": "2017-10-30T22:00:04.275Z",
      "username": "nobisvero",
      "email": "richardwoods@yahoo.com",
      "groups": [],
      "user_permissions": []
    }
  },
  {
    "model": "unity_userdata.player",
    "pk": 24,
    "fields": {
      "password": "pbkdf2_sha256$36000$enAMdCx62IY2$o6Zfn6sfrrdGF5iXHT0DTbdOtkM+aR9asqXTdNlAVAo=",
      "last_login": null,
      "is_superuser": false,
      "first_name": "",
      "last_name": "",
      "is_staff": false,
      "is_active": true,
      "date_joined": "2017-10-30T22:00:04.323Z",
      "username": "rerummaxime",
      "email": "garydavies@hotmail.com",
      "groups": [],
      "user_permissions": []
    }
  },
  {
    "model": "unity_userdata.player",
    "pk": 25,
    "fields": {
      "password": "pbkdf2_sha256$36000$WDNM48pGYeDg$kJiJEqXE/BkZZyzdTbvB5/h90A9pQFz2bQIQt0RCHQs=",
      "last_login": null,
      "is_superuser": false,
      "first_name": "",
      "last_name": "",
      "is_staff": false,
      "is_active": true,
      "date_joined": "2017-10-30T22:00:04.371Z",
      "username": "officiavelit",
      "email": "solisjessica@hotmail.com",
      "groups": [],
      "user_permissions": []
    }
  },
  {
    "model": "unity_userdata.player",
    "pk": 26,
    "fields": {
      "password": "pbkdf2_sha256$36000$cT1ckslz2sjn$rgdpr3AA4Ovn7JdkRpgyjigps6ibj8g+dv8wEdsEGbY=",
      "last_login": null,
      "is_superuser": false,
      "first_name": "",
      "last_name": "",
      "is_staff": false,
      "is_active": true,
      "date_joined": "2017-10-30T22:00:04.420Z",
      "username": "corporisalias",
      "email": "ibrown@hotmail.com",
      "groups": [],
      "user_permissions": []
    }
  },
  {
    "model": "unity_userdata.player",
    "pk": 27,
    "fields": {
      "password": "pbkdf2_sha256$36000$WMotBx665eMv$tAFlkz3Rzwp9h9aT9ay3VmRVWWKVBTNGRLAPZy7ecdY=",
      "last_login": null,
      "is_superuser": false,
      "first_name": "",
      "last_name": "",
      "is_staff": false,
      "is_active": true,
      "date_joined": "2017-10-30T22:00:04.465Z",
      "username": "iurelaudantium",
      "email": "erin95@hotmail.com",
      "groups": [],
      "user_permissions": []
    }
  },
  {
    "model": "unity_userdata.player",
    "pk": 28,
    "fields": {
      "password": "pbkdf2_sha256$36000$EseU1FLzWgiD$nmibgcjmlruCWOvowhDCjBXqmKn4kZ9EUejkxNoK1hA=",
      "last_login": null,
      "is_superuser": false,
      "first_name": "",
      "last_name": "",
      "is_staff": false,
      "is_active": true,
      "date_joined": "2017-10-30T22:00:04.511Z",
      "username": "impeditrecusandae",
      "email": "charles93@dixon-sloan.info",
      "groups": [],
      "user_permissions": []
    }
  },
  {
    "model": "unity_userdata.player",
    "pk": 29,
    "fields": {
      "password": "pbkdf2_sha256$36000$U9HX0QeKfsLs$MGSrR9vS0CGn1ARUeAHAIp5BIfxqxVJY98K4eI8J3gY=",
      "last_login": null,
      "is_superuser": false,
      "first_name": "",
      "last_name": "",
      "is_staff": false,
      "is_active": true,
      "date_joined": "2017-10-30T22:00:04.560Z",
      "username": "fugiatblanditiis",
      "email": "jonathantaylor@foster.com",
      "groups": [],
      "user_permissions": []
    }
  },
  {
    "model": "unity_userdata.player",
    "pk": 30,
    "fields": {
      "password": "pbkdf2_sha256$36000$nzrli1ODPXhp$5+zvOfOqGmBF/HHHc/1TllLvq+myl3q6SXXIjRCt3J4=",
      "last_login": null,
      "is_superuser": false,
      "first_name": "",
      "last_name": "",
      "is_staff": false,
      "is_active": true,
      "date_joined": "2017-10-30T22:00:04.604Z",
      "username": "eosvel",
      "email": "zachary68@anthony.com",
      "groups": [],
      "user_permissions": []
    }
  },
  {
    "model": "unity_userdata.player",
    "pk": 31,
    "fields": {
      "password": "pbkdf2_sha256$36000$u10ufU6ZOjGS$a2zvYjqF817XDhcrDiCY+rRvHbNJqyOqVE1QwK1rWq0=",
      "last_login": null,
      "is_superuser": false,
      "first_name": "",
      "last_name": "",
      "is_staff": false,
      "is_active": true,
      "date_joined": "2017-10-30T22:00:04.651Z",
      "username": "voluptatemplaceat",
      "email": "william09@huffman-hall.info",
      "groups": [],
      "user_permissions": []
    }
  },
  {
    "model": "unity_userdata.player",
    "pk": 32,
    "fields": {
      "password": "pbkdf2_sha256$36000$pqrCgUQ6G2Ec$TxjMdy5uX90n+VSIYKCXfw38ekrHbY4xiYGJCVO8Wf4=",
      "last_login": null,
      "is_superuser": false,
      "first_name": "",
      "last_name": "",
      "is_staff": false,
      "is_active": true,
      "date_joined": "2017-10-30T22:00:04.693Z",
      "username": "praesentiumvitae",
      "email": "thomasstacy@barker.net",
      "groups": [],
      "user_permissions": []
    }
  },
  {
    "model": "unity_userdata.player",
    "pk": 33,
    "fields": {
      "password": "pbkdf2_sha256$36000$4cIBNL0sD4e3$mt4rB7AZxptI23+Qkuq/PhGySZ65Ffvn5upaAf3NQjc=",
      "last_login": null,
      "is_superuser": false,
      "first_name": "",
      "last_name": "",
      "is_staff": false,
      "is_active": true,
      "date_joined": "2017-10-30T22:00:04.739Z",
      "username": "voluptasmollitia",
      "email": "jeanettehoffman@hotmail.com",
      "groups": [],
      "user_permissions": []
    }
  },
  {
    "model": "unity_userdata.player",
    "pk": 34,
    "fields": {
      "password": "pbkdf2_sha256$36000$GzW1vkhZYFse$4X7rdIfOL7vdR7JuatGvXKhqqWlZJfcebKdUruVUD+s=",
      "last_login": null,
      "is_superuser": false,
      "first_name": "",
      "last_name": "",
      "is_staff": false,
      "is_active": true,
      "date_joined": "2017-10-30T22:00:04.787Z",
      "username": "similiquesapiente",
      "email": "watsonsarah@hotmail.com",
      "groups": [],
      "user_permissions": []
    }
  },
  {
    "model": "unity_userdata.player",
    "pk": 35,
    "fields": {
      "password": "pbkdf2_sha256$36000$5vVH0FUUPBR2$xGpLQPTbJQdZqpzsxdNPKkdl6Oe+sHv2I7aVZnPNeHA=",
      "last_login": null,
      "is_superuser": false,
      "first_name": "",
      "last_name": "",
      "is_staff": false,
      "is_active": true,
      "date_joined": "2017-10-30T22:00:04.831Z",
      "username": "nemoaperiam",
      "email": "jeremy35@barker.com",
      "groups": [],
      "user_permissions": []
    }
  },
  {
    "model": "unity_userdata.player",
    "pk": 36,
    "fields": {
      "password": "pbkdf2_sha256$36000$llsCTgemYKhV$EYsRfyo74QKaBgjtvFHp72gG0knF3Qj7TrEuSo42k4s=",
      "last_login": null,
      "is_superuser": false,
      "first_name": "",
      "last_name": "",
      "is_staff": false,
      "is_active": true,
      "date_joined": "2017-10-30T22:00:04.879Z",
      "username": "aliquamoccaecati",
      "email": "ronald52@rhodes-curtis.com",
      "groups": [],
      "user_permissions": []
    }
  },
  {
    "model": "unity_userdata.player",
    "pk": 37,
    "fields": {
      "password": "pbkdf2_sha256$36000$dHaavdyD9mmf$COXsvCmUFN1V7tVikgRhHPvIuGI9Xe6sOLejNDEkaWo=",
      "last_login": null,
      "is_superuser": false,
      "first_name": "",
      "last_name": "",
      "is_staff": false,
      "is_active": true,
      "date_joined": "2017-10-30T22:00:04.924Z",
      "username": "magnamrerum",
      "email": "othompson@gmail.com",
      "groups": [],
      "user_permissions": []
    }
  },
  {
    "model": "unity_userdata.player",
    "pk": 38,
    "fields": {
      "password": "pbkdf2_sha256$36000$555BkJVvQseG$7ID2MPk1c15coBBfsojucnUdKV8wQWu1yYJcHetbZ/4=",
      "last_login": null,
      "is_superuser": false,
      "first_name": "",
      "last_name": "",
      "is_staff": false,
      "is_active": true,
      "date_joined": "2017-10-30T22:00:04.969Z",
      "username": "erroreius",
      "email": "emilyscott@williams.org",
      "groups": [],
      "user_permissions": []
    }
  },
  {
    "model": "unity_userdata.player",
    "pk": 39,
    "fields": {
      "password": "pbkdf2_sha256$36000$3Eh6pK3vBFpB$tvlq0CRw2+jlCGgOReNt47daumYDfSL9qRr5fVQq+38=",
      "last_login": null,
      "is_superuser": false,
      "first_name": "",
      "last_name": "",
      "is_staff": false,
      "is_active": true,
      "date_joined": "2017-10-30T22:00:05.015Z",
      "username": "minimaillo",
      "email": "oosborne@yahoo.com",
      "groups": [],
      "user_permissions": []
    }
  },
  {
    "model": "unity_userdata.player",
    "pk": 40,
    "fields": {
      "password": "pbkdf2_sha256$36000$LzctBLamf2ti$Etqbfei2Obp9EY7ZlX4iV67NHfjwIMhHC17zKxYg3Z0=",
      "last_login": null,
      "is_superuser": false,
      "first_name": "",
      "last_name": "",
      "is_staff": false,
      "is_active": true,
      "date_joined": "2017-10-30T22:00:05.059Z",
      "username": "accusamusipsam",
      "email": "stephensaustin@gmail.com",
      "groups": [],
      "user_permissions": []
    }
  },
  {
    "model": "unity_userdata.player",
    "pk": 41,
    "fields": {
      "password": "pbkdf2_sha256$36000$mBYPGJD0DMJp$geT9aC0p+Ot2FkcpDkHaLxqpTld2Rc5FmGtYuNMyVa0=",
      "last_login": null,
      "is_superuser": false,
      "first_name": "",
      "last_name": "",
      "is_staff": false,
      "is_active": true,
      "date_joined": "2017-10-30T22:00:05.102Z",
      "username": "quibusdamrem",
      "email": "marcocox@yahoo.com",
      "groups": [],
      "user_permissions": []
    }
  },
  {
    "model": "unity_userdata.player",
    "pk": 42,
    "fields": {
      "password": "pbkdf2_sha256$36000$r3vB3JkYQTn6$xKDzOvP65FEzQUq2NB1h7hvBO1mVrZv7+UaUeZ+HH40=",
      "last_login": null,
      "is_superuser": false,
      "first_name": "",
      "last_name": "",
      "is_staff": false,
      "is_active": true,
      "date_joined": "2017-10-30T22:00:05.150Z",
      "username": "voluptatetemporibus",
      "email": "kfrey@coffey.biz",
      "groups": [],
      "user_permissions": []
    }
  },
  {
    "model": "unity_userdata.player",
    "pk": 43,
    "fields": {
      "password": "pbkdf2_sha256$36000$QnFhJBeSWwSU$EhxGvzKEJeQ925BcPN2Rrx4S+2GmWmFkW0PenLuhTx8=",
      "last_login": null,
      "is_superuser": false,
      "first_name": "",
      "last_name": "",
      "is_staff": false,
      "is_active": true,
      "date_joined": "2017-10-30T22:00:05.193Z",
      "username": "excepturiearum",
      "email": "mary25@hotmail.com",
      "groups": [],
      "user_permissions": []
    }
  },
  {
    "model": "unity_userdata.player",
    "pk": 44,
    "fields": {
      "password": "pbkdf2_sha256$36000$Ahj5lBHTMnCr$BBkaX3uTCTHxwbXq/IfDddIjCxU24sONDL0R7UJEjRA=",
      "last_login": null,
      "is_superuser": false,
      "first_name": "",
      "last_name": "",
      "is_staff": false,
      "is_active": true,
      "date_joined": "2017-10-30T22:00:05.240Z",
      "username": "repudiandaenemo",
      "email": "gclayton@yahoo.com",
      "groups": [],
      "user_permissions": []
    }
  },
  {
    "model": "unity_userdata.player",
    "pk": 45,
    "fields": {
      "password": "pbkdf2_sha256$36000$oKuMHcyipTij$aG5xWjTfntLnQPNeWfh+SFb/mbnpw60AFM12g6g/sWQ=",
      "last_login": null,
      "is_superuser": false,
      "first_name": "",
      "last_name": "",
      "is_staff": false,
      "is_active": true,
      "date_joined": "2017-10-30T22:00:05.282Z",
      "username": "minimasit",
      "email": "iflowers@mueller.com",
      "groups": [],
      "user_permissions": []
    }
  },
  {
    "model": "unity_userdata.player",
    "pk": 46,
    "fields": {
      "password": "pbkdf2_sha256$36000$07mFD3pjkPrV$Z9UJ+ci9cZkc2+La4g3sBc6/PPIrpN3TKc36YFUD2wc=",
      "last_login": null,
      "is_superuser": false,
      "first_name": "",
      "last_name": "",
      "is_staff": false,
      "is_active": true,
      "date_joined": "2017-10-30T22:00:05.329Z",
      "username": "quisquamquos",
      "email": "john15@frye-dawson.com",
      "groups": [],
      "user_permissions": []
    }
  },
  {
    "model": "unity_userdata.player",
    "pk": 47,
    "fields": {
      "password": "pbkdf2_sha256$36000$s0glj1eNetYb$d1AyMi+dgfPp6S94s81/UsadEIBtyFNOhUZpRLeng8U=",
      "last_login": null,
      "is_superuser": false,
      "first_name": "",
      "last_name": "",
      "is_staff": false,
      "is_active": true,
      "date_joined": "2017-10-30T22:00:05.371Z",
      "username": "necessitatibusquo",
      "email": "rlowe@flores-alexander.net",
      "groups": [],
      "user_permissions": []
    }
  },
  {
    "model": "unity_userdata.player",
    "pk": 48,
    "fields": {
      "password": "pbkdf2_sha256$36000$iVGeWCf5Th2v$uGLXY62vRPRqXYArBHWS3BhBVDOIGfLzHpPBRVabYkw=",
      "last_login": null,
      "is_superuser": false,
      "first_name": "",
      "last_name": "",
      "is_staff": false,
      "is_active": true,
      "date_joined": "2017-10-30T22:00:05.413Z",
      "username": "corruptiquis",
      "email": "jonesgregory@yahoo.com",
      "groups": [],
      "user_permissions": []
    }
  },
  {
    "model": "unity_userdata.player",
    "pk": 49,
    "fields": {
      "password": "pbkdf2_sha256$36000$B25fZfOnkVZU$1Bwy9p7RLJudhLz5tr/zNSacH67/0ip6LVnBv4wKZaw=",
      "last_login": null,
      "is_superuser": false,
      "first_name": "",
      "last_name": "",
      "is_staff": false,
      "is_active": true,
      "date_joined": "2017-10-30T22:00:05.459Z",
      "username": "doloribusminus",
      "email": "josephmoore@hotmail.com",
      "groups": [],
      "user_permissions": []
    }
  },
  {
    "model": "unity_userdata.player",
    "pk": 50,
    "fields": {
      "password": "pbkdf2_sha256$36000$r378RVlvJq1n$VTEnGTDAtlMxgp99IqHOlSNR0CVIhpPylx2yQoFu9ag=",
      "last_login": null,
      "is_superuser": false,
      "first_name": "",
      "last_name": "",
      "is_staff": false,
      "is_active": true,
      "date_joined": "2017-10-30T22:00:05.501Z",
      "username": "ipsamsed",
      "email": "brownerin@morris-parker.org",
      "groups": [],
      "user_permissions": []
    }
  },
  {
    "model": "unity_userdata.player",
    "pk": 51,
    "fields": {
      "password": "pbkdf2_sha256$36000$raPEoYDOYODw$G6Xi2hhZvDreUVY7ccyi9Nj+ImlSyD8md/u0iOjujWA=",
      "last_login": null,
      "is_superuser": false,
      "first_name": "",
      "last_name": "",
      "is_staff": false,
      "is_active": true,
      "date_joined": "2017-10-30T22:00:05.548Z",
      "username": "nostrumrepellat",
      "email": "acompton@carlson-dorsey.com",
      "groups": [],
      "user_permissions": []
    }
  },
  {
    "model": "unity_userdata.player",
    "pk": 52,
    "fields": {
      "password": "pbkdf2_sha256$36000$I7nveMb0kmOU$7brPZDN7ZouDwmj76YSykpUqR6xrZpQKOGKvTqX3E2Y=",
      "last_login": null,
      "is_superuser": false,
      "first_name": "",
      "last_name": "",
      "is_staff": false,
      "is_active": true,
      "date_joined": "2017-10-30T22:00:05.591Z",
      "username": "similiqueexpedita",
      "email": "chelsealawson@shaw-rogers.com",
      "groups": [],
      "user_permissions": []
    }
  },
  {
    "model": "unity_userdata.player",
    "pk": 53,
    "fields": {
      "password": "pbkdf2_sha256$36000$3szFQec8BrnF$m+zE1inyrGRrcNsa0yrJHCjEEQz6GRrgQQ8nHCPPZBM=",
      "last_login": null,
      "is_superuser": false,
      "first_name": "",
      "last_name": "",
      "is_staff": false,
      "is_active": true,
      "date_joined": "2017-10-30T22:00:05.638Z",
      "username": "nostrummollitia",
      "email": "sedwards@gmail.com",
      "groups": [],
      "user_permissions": []
    }
  },
  {
    "model": "unity_userdata.player",
    "pk": 54,
    "fields": {
      "password": "pbkdf2_sha256$36000$DwQI70PJO31S$vv0HUL+hfGTcE0h08Ym0guxsZKQYyyK0pm1ChJayFTQ=",
      "last_login": null,
      "is_superuser": false,
      "first_name": "",
      "last_name": "",
      "is_staff": false,
      "is_active": true,
      "date_joined": "2017-10-30T22:00:05.681Z",
      "username": "doloremneque",
      "email": "hallsusan@fuller-clark.info",
      "groups": [],
      "user_permissions": []
    }
  },
  {
    "model": "unity_userdata.player",
    "pk": 55,
    "fields": {
      "password": "pbkdf2_sha256$36000$5h5jrgo2bzqa$PGhfifHOUPlSQK+73DmG0prdfUDzv4ZT0XYmQbajsjI=",
      "last_login": null,
      "is_superuser": false,
      "first_name": "",
      "last_name": "",
      "is_staff": false,
      "is_active": true,
      "date_joined": "2017-10-30T22:00:05.729Z",
      "username": "aliasquo",
      "email": "robbinsjennifer@gmail.com",
      "groups": [],
      "user_permissions": []
    }
  },
  {
    "model": "unity_userdata.player",
    "pk": 56,
    "fields": {
      "password": "pbkdf2_sha256$36000$Dvt2LRczKgn1$RBM7txRpkcmow63DRYajZqEzF/DjGnQ46z5cu6P+JPk=",
      "last_login": null,
      "is_superuser": false,
      "first_name": "",
      "last_name": "",
      "is_staff": false,
      "is_active": true,
      "date_joined": "2017-10-30T22:00:05.774Z",
      "username": "exercitationemtenetur",
      "email": "yjames@gmail.com",
      "groups": [],
      "user_permissions": []
    }
  },
  {
    "model": "unity_userdata.player",
    "pk": 57,
    "fields": {
      "password": "pbkdf2_sha256$36000$Ct4VqH7vSZPt$UzToQLDuAl7B2UFQ551avNO5ZI9aK1iqisThx7rLOS4=",
      "last_login": null,
      "is_superuser": false,
      "first_name": "",
      "last_name": "",
      "is_staff": false,
      "is_active": true,
      "date_joined": "2017-10-30T22:00:05.825Z",
      "username": "voluptateincidunt",
      "email": "rshaffer@gmail.com",
      "groups": [],
      "user_permissions": []
    }
  },
  {
    "model": "unity_userdata.player",
    "pk": 58,
    "fields": {
      "password": "pbkdf2_sha256$36000$G6vfujnxjUdi$J+u3tg1UpqPuGDBPrPB3t2Ve19jTG/SheTRztcgZLKU=",
      "last_login": null,
      "is_superuser": false,
      "first_name": "",
      "last_name": "",
      "is_staff": false,
      "is_active": true,
      "date_joined": "2017-10-30T22:00:05.872Z",
      "username": "inciduntalias",
      "email": "dylanpatterson@taylor.com",
      "groups": [],
      "user_permissions": []
    }
  },
  {
    "model": "unity_userdata.player",
    "pk": 59,
    "fields": {
      "password": "pbkdf2_sha256$36000$y17wf8cnem4b$Jqzx1vyPmcLk21to/n1SmcvpPe94p1MnulwfLYdmz7g=",
      "last_login": null,
      "is_superuser": false,
      "first_name": "",
      "last_name": "",
      "is_staff": false,
      "is_active": true,
      "date_joined": "2017-10-30T22:00:05.916Z",
      "username": "sapientedeleniti",
      "email": "eheath@yahoo.com",
      "groups": [],
      "user_permissions": []
    }
  },
  {
    "model": "unity_userdata.player",
    "pk": 60,
    "fields": {
      "password": "pbkdf2_sha256$36000$SivWRHZCWJkJ$/cYLkuB+a+kIwNPmklw0hOp3JoLxXGkpolQ0UW5FHuU=",
      "last_login": null,
      "is_superuser": false,
      "first_name": "",
      "last_name": "",
      "is_staff": false,
      "is_active": true,
      "date_joined": "2017-10-30T22:00:05.963Z",
      "username": "ipsamdoloremque",
      "email": "phall@adams.net",
      "groups": [],
      "user_permissions": []
    }
  },
  {
    "model": "unity_userdata.player",
    "pk": 61,
    "fields": {
      "password": "pbkdf2_sha256$36000$HISSkL4H9Mov$qaflrx28kk5JjGhOYdugKS1kyKRmtASRpY/Xtzhxv1s=",
      "last_login": null,
      "is_superuser": false,
      "first_name": "",
      "last_name": "",
      "is_staff": false,
      "is_active": true,
      "date_joined": "2017-10-30T22:00:06.006Z",
      "username": "harumdignissimos",
      "email": "jamesboyd@gmail.com",
      "groups": [],
      "user_permissions": []
    }
  },
  {
    "model": "unity_userdata.player",
    "pk": 62,
    "fields": {
      "password": "pbkdf2_sha256$36000$bYBAR59H70cE$Z/9/oTW85cXZ+uNsOTffxo9Xf4BodLkeGO0Mg+jqVh0=",
      "last_login": null,
      "is_superuser": false,
      "first_name": "",
      "last_name": "",
      "is_staff": false,
      "is_active": true,
      "date_joined": "2017-10-30T22:00:06.054Z",
      "username": "laboriosamveritatis",
      "email": "stonemichael@gmail.com",
      "groups": [],
      "user_permissions": []
    }
  },
  {
    "model": "unity_userdata.player",
    "pk": 63,
    "fields": {
      "password": "pbkdf2_sha256$36000$Twyq7ARf6lCT$VRFoQaz98bDOp+jwfjHmnvKxrmtTL6K0mwvXOKsIUXA=",
      "last_login": null,
      "is_superuser": false,
      "first_name": "",
      "last_name": "",
      "is_staff": false,
      "is_active": true,
      "date_joined": "2017-10-30T22:00:06.100Z",
      "username": "temporibuset",
      "email": "wileylisa@fleming.biz",
      "groups": [],
      "user_permissions": []
    }
  },
  {
    "model": "unity_userdata.player",
    "pk": 64,
    "fields": {
      "password": "pbkdf2_sha256$36000$p0DmMIfWqFDH$H0sneRKTO4etpJyQWf0MQ956kRKyAHTY9jbQxXEoqqY=",
      "last_login": null,
      "is_superuser": false,
      "first_name": "",
      "last_name": "",
      "is_staff": false,
      "is_active": true,
      "date_joined": "2017-10-30T22:00:06.148Z",
      "username": "nisipraesentium",
      "email": "sherry98@gmail.com",
      "groups": [],
      "user_permissions": []
    }
  },
  {
    "model": "unity_userdata.player",
    "pk": 65,
    "fields": {
      "password": "pbkdf2_sha256$36000$X1Pj8mERokvV$14qAv/yXreURSKKMhV+9PGux3GwKyGNerngtu2QFXOs=",
      "last_login": null,
      "is_superuser": false,
      "first_name": "",
      "last_name": "",
      "is_staff": false,
      "is_active": true,
      "date_joined": "2017-10-30T22:00:06.226Z",
      "username": "repudiandaerepellat",
      "email": "taylor00@yahoo.com",
      "groups": [],
      "user_permissions": []
    }
  },
  {
    "model": "unity_userdata.player",
    "pk": 66,
    "fields": {
      "password": "pbkdf2_sha256$36000$mdrqOd6iA2lg$8Cz/AT7n94apM3R2WohN92M7pwFTa88MKP6aVZwnokE=",
      "last_login": null,
      "is_superuser": false,
      "first_name": "",
      "last_name": "",
      "is_staff": false,
      "is_active": true,
      "date_joined": "2017-10-30T22:00:06.272Z",
      "username": "voluptatemreiciendis",
      "email": "warmstrong@foster.com",
      "groups": [],
      "user_permissions": []
    }
  },
  {
    "model": "unity_userdata.player",
    "pk": 67,
    "fields": {
      "password": "pbkdf2_sha256$36000$2CcWGwcf5HQq$RmFWS/e045n1SnRbvc45O0ONZihYf/fbqp8OuiDbyWk=",
      "last_login": null,
      "is_superuser": false,
      "first_name": "",
      "last_name": "",
      "is_staff": false,
      "is_active": true,
      "date_joined": "2017-10-30T22:00:06.319Z",
      "username": "nonmollitia",
      "email": "lthompson@jones.com",
      "groups": [],
      "user_permissions": []
    }
  },
  {
    "model": "unity_userdata.player",
    "pk": 68,
    "fields": {
      "password": "pbkdf2_sha256$36000$9PvmFuyXRLNj$hg3cANJzNcw5a/hNfAXyaj8Qs+XT5SFxNLeGSWCA4ZI=",
      "last_login": null,
      "is_superuser": false,
      "first_name": "",
      "last_name": "",
      "is_staff": false,
      "is_active": true,
      "date_joined": "2017-10-30T22:00:06.361Z",
      "username": "eumat",
      "email": "martinezemily@gmail.com",
      "groups": [],
      "user_permissions": []
    }
  },
  {
    "model": "unity_userdata.player",
    "pk": 69,
    "fields": {
      "password": "pbkdf2_sha256$36000$lDaQR6U6jdvG$A8Bn2MbBZ3NIO3mBd5qq6X/P2z3OiI+RHPj5v4YK8xs=",
      "last_login": null,
      "is_superuser": false,
      "first_name": "",
      "last_name": "",
      "is_staff": false,
      "is_active": true,
      "date_joined": "2017-10-30T22:00:06.406Z",
      "username": "laborumquaerat",
      "email": "jessica00@arroyo-johnson.com",
      "groups": [],
      "user_permissions": []
    }
  },
  {
    "model": "unity_userdata.player",
    "pk": 70,
    "fields": {
      "password": "pbkdf2_sha256$36000$7ukwhhLqI4Xv$3HZw/b6hF7L7GDhdHnmbfbL+uQpU25HlQF3SI6sPDoA=",
      "last_login": null,
      "is_superuser": false,
      "first_name": "",
      "last_name": "",
      "is_staff": false,
      "is_active": true,
      "date_joined": "2017-10-30T22:00:06.452Z",
      "username": "ducimuseveniet",
      "email": "orozcojohn@yahoo.com",
      "groups": [],
      "user_permissions": []
    }
  },
  {
    "model": "unity_userdata.player",
    "pk": 71,
    "fields": {
      "password": "pbkdf2_sha256$36000$Ixm0lJaf8rK2$O0HAAiUljO3Ni+7solHmBcLz5JMVywke18iYMbAOzYw=",
      "last_login": null,
      "is_superuser": false,
      "first_name": "",
      "last_name": "",
      "is_staff": false,
      "is_active": true,
      "date_joined": "2017-10-30T22:00:06.498Z",
      "username": "doloribusfuga",
      "email": "tschneider@english.com",
      "groups": [],
      "user_permissions": []
    }
  },
  {
    "model": "unity_userdata.player",
    "pk": 72,
    "fields": {
      "password": "pbkdf2_sha256$36000$QjClitqP47d4$Hwf08kXPQAYxFTp3kxX3iRIj78x5SAaOhoaXQOHHbxc=",
      "last_login": null,
      "is_superuser": false,
      "first_name": "",
      "last_name": "",
      "is_staff": false,
      "is_active": true,
      "date_joined": "2017-10-30T22:00:06.543Z",
      "username": "suntsaepe",
      "email": "jackiedelgado@rodgers.com",
      "groups": [],
      "user_permissions": []
    }
  },
  {
    "model": "unity_userdata.player",
    "pk": 73,
    "fields": {
      "password": "pbkdf2_sha256$36000$NRj762MR1lY6$Znk4FANM/266XY4yTBPVdPmtyUZ9sw+Yb6rz16/HtDA=",
      "last_login": null,
      "is_superuser": false,
      "first_name": "",
      "last_name": "",
      "is_staff": false,
      "is_active": true,
      "date_joined": "2017-10-30T22:00:06.586Z",
      "username": "nostrumtenetur",
      "email": "molly19@hotmail.com",
      "groups": [],
      "user_permissions": []
    }
  },
  {
    "model": "unity_userdata.player",
    "pk": 74,
    "fields": {
      "password": "pbkdf2_sha256$36000$5FnY8VLQyB56$r3Yiy4HHvEEZNH8q6dcY+3O7QB6qxrczlvxVESlmr/0=",
      "last_login": null,
      "is_superuser": false,
      "first_name": "",
      "last_name": "",
      "is_staff": false,
      "is_active": true,
      "date_joined": "2017-10-30T22:00:06.634Z",
      "username": "nihilreiciendis",
      "email": "barrettricky@yahoo.com",
      "groups": [],
      "user_permissions": []
    }
  },
  {
    "model": "unity_userdata.player",
    "pk": 75,
    "fields": {
      "password": "pbkdf2_sha256$36000$npztwwne0j9a$BLLl9aRHEIpRaXnUjZg9jWQV0/4fs8Q+EBBQI+1o5bE=",
      "last_login": null,
      "is_superuser": false,
      "first_name": "",
      "last_name": "",
      "is_staff": false,
      "is_active": true,
      "date_joined": "2017-10-30T22:00:06.679Z",
      "username": "quiducimus",
      "email": "peterszachary@hotmail.com",
      "groups": [],
      "user_permissions": []
    }
  },
  {
    "model": "unity_userdata.player",
    "pk": 76,
    "fields": {
      "password": "pbkdf2_sha256$36000$AumS4H8Ncymz$ZO089ZHA3UOg4I3G9+JQRip/G2z/xIWqiqZraiKh7L8=",
      "last_login": null,
      "is_superuser": false,
      "first_name": "",
      "last_name": "",
      "is_staff": false,
      "is_active": true,
      "date_joined": "2017-10-30T22:00:06.723Z",
      "username": "repudiandaequas",
      "email": "sanderslouis@martinez.com",
      "groups": [],
      "user_permissions": []
    }
  },
  {
    "model": "unity_userdata.player",
    "pk": 77,
    "fields": {
      "password": "pbkdf2_sha256$36000$95OIY2lCToUL$qwHWcEo8JKpeFuaah3Luf45pDalfwrBLNs5aiF60qLo=",
      "last_login": null,
      "is_superuser": false,
      "first_name": "",
      "last_name": "",
      "is_staff": false,
      "is_active": true,
      "date_joined": "2017-10-30T22:00:06.768Z",
      "username": "sintperspiciatis",
      "email": "browncarrie@hotmail.com",
      "groups": [],
      "user_permissions": []
    }
  },
  {
    "model": "unity_userdata.player",
    "pk": 78,
    "fields": {
      "password": "pbkdf2_sha256$36000$xXA7DRPrvAyP$BGy03213+AYM2vvlVjk6Srnx0q21hJD7FuZz23TS98s=",
      "last_login": null,
      "is_superuser": false,
      "first_name": "",
      "last_name": "",
      "is_staff": false,
      "is_active": true,
      "date_joined": "2017-10-30T22:00:06.814Z",
      "username": "accusamuslibero",
      "email": "danielbeck@arnold.net",
      "groups": [],
      "user_permissions": []
    }
  },
  {
    "model": "unity_userdata.player",
    "pk": 79,
    "fields": {
      "password": "pbkdf2_sha256$36000$fd36UQVTADjy$XBo3+u+3qV02SppOqvwtBMcuk+r1La0DNetLIm7Mgg8=",
      "last_login": null,
      "is_superuser": false,
      "first_name": "",
      "last_name": "",
      "is_staff": false,
      "is_active": true,
      "date_joined": "2017-10-30T22:00:06.862Z",
      "username": "veniamrepellendus",
      "email": "belinda90@hotmail.com",
      "groups": [],
      "user_permissions": []
    }
  },
  {
    "model": "unity_userdata.player",
    "pk": 80,
    "fields": {
      "password": "pbkdf2_sha256$36000$Qw5s54cjWzV2$n3vwatdNsPZtSahMtXNaxL1DnPiYA6YaBirKRYK7Qtk=",
      "last_login": null,
      "is_superuser": false,
      "first_name": "",
      "last_name": "",
      "is_staff": false,
      "is_active": true,
      "date_joined": "2017-10-30T22:00:06.907Z",
      "username": "remtemporibus",
      "email": "joanne18@gmail.com",
      "groups": [],
      "user_permissions": []
    }
  },
  {
    "model": "unity_userdata.player",
    "pk": 81,
    "fields": {
      "password": "pbkdf2_sha256$36000$jp9ovukwM7uz$bf5IH3lhzZa1V7ODNdmO8kGCd8ZFlSEU5lFghv+ZanI=",
      "last_login": null,
      "is_superuser": false,
      "first_name": "",
      "last_name": "",
      "is_staff": false,
      "is_active": true,
      "date_joined": "2017-10-30T22:00:06.953Z",
      "username": "consequunturin",
      "email": "millermegan@carr.biz",
      "groups": [],
      "user_permissions": []
    }
  },
  {
    "model": "unity_userdata.player",
    "pk": 82,
    "fields": {
      "password": "pbkdf2_sha256$36000$q74e37bkjhsH$yxSmO2rw/yA3Jj12GNp+SgSAECVSV3/Sat2v1dhY3d0=",
      "last_login": null,
      "is_superuser": false,
      "first_name": "",
      "last_name": "",
      "is_staff": false,
      "is_active": true,
      "date_joined": "2017-10-30T22:00:07.002Z",
      "username": "similiquead",
      "email": "fmiller@yahoo.com",
      "groups": [],
      "user_permissions": []
    }
  },
  {
    "model": "unity_userdata.player",
    "pk": 83,
    "fields": {
      "password": "pbkdf2_sha256$36000$WjrnvVRpapDL$fQ5Sokjpy330DPaIpPEupCTY4beNSA2RrlQGCu9rH4I=",
      "last_login": null,
      "is_superuser": false,
      "first_name": "",
      "last_name": "",
      "is_staff": false,
      "is_active": true,
      "date_joined": "2017-10-30T22:00:07.046Z",
      "username": "teneturiusto",
      "email": "gkelly@gmail.com",
      "groups": [],
      "user_permissions": []
    }
  },
  {
    "model": "unity_userdata.player",
    "pk": 84,
    "fields": {
      "password": "pbkdf2_sha256$36000$xoo3woYK2WxI$L3UaaOoxstlBMzvDs1nZ10eIUWbbDxU29hUnJ4GlL6Q=",
      "last_login": null,
      "is_superuser": false,
      "first_name": "",
      "last_name": "",
      "is_staff": false,
      "is_active": true,
      "date_joined": "2017-10-30T22:00:07.093Z",
      "username": "delectusdeleniti",
      "email": "janice21@gmail.com",
      "groups": [],
      "user_permissions": []
    }
  },
  {
    "model": "unity_userdata.player",
    "pk": 85,
    "fields": {
      "password": "pbkdf2_sha256$36000$pBaVESqnbylG$RRkF5xVFbvuZv+yg5gsw1nj33q2Ul6SXLxgukNvwURc=",
      "last_login": null,
      "is_superuser": false,
      "first_name": "",
      "last_name": "",
      "is_staff": false,
      "is_active": true,
      "date_joined": "2017-10-30T22:00:07.138Z",
      "username": "fugiatreiciendis",
      "email": "montgomeryann@george-gordon.biz",
      "groups": [],
      "user_permissions": []
    }
  },
  {
    "model": "unity_userdata.player",
    "pk": 86,
    "fields": {
      "password": "pbkdf2_sha256$36000$FK7v3vWyouKP$DoTtBn6pqzTm3kszK0k3QuXGPhUsFWU64vQD5pTx3lg=",
      "last_login": null,
      "is_superuser": false,
      "first_name": "",
      "last_name": "",
      "is_staff": false,
      "is_active": true,
      "date_joined": "2017-10-30T22:00:07.183Z",
      "username": "veniammagni",
      "email": "mrocha@martin.biz",
      "groups": [],
      "user_permissions": []
    }
  },
  {
    "model": "unity_userdata.player",
    "pk": 87,
    "fields": {
      "password": "pbkdf2_sha256$36000$k4EMj0q9pgfV$0a5qGukqxUb6+jbcGZ0AAch3KFGEwD+zjRp+zqYyUp0=",
      "last_login": null,
      "is_superuser": false,
      "first_name": "",
      "last_name": "",
      "is_staff": false,
      "is_active": true,
      "date_joined": "2017-10-30T22:00:07.226Z",
      "username": "doloressunt",
      "email": "yrios@hotmail.com",
      "groups": [],
      "user_permissions": []
    }
  },
  {
    "model": "unity_userdata.player",
    "pk": 88,
    "fields": {
      "password": "pbkdf2_sha256$36000$X4pjd1f7J2OK$X94PBPDIxCRGJAjZqFdgozXizv328onl5l8TspX9vnY=",
      "last_login": null,
      "is_superuser": false,
      "first_name": "",
      "last_name": "",
      "is_staff": false,
      "is_active": true,
      "date_joined": "2017-10-30T22:00:07.273Z",
      "username": "velpariatur",
      "email": "ashley42@yahoo.com",
      "groups": [],
      "user_permissions": []
    }
  },
  {
    "model": "unity_userdata.player",
    "pk": 89,
    "fields": {
      "password": "pbkdf2_sha256$36000$U4gtqqOSlvp3$jclHagIUlAgpKJMX5IbYUcvPDOBChyVp27hHbk8sufU=",
      "last_login": null,
      "is_superuser": false,
      "first_name": "",
      "last_name": "",
      "is_staff": false,
      "is_active": true,
      "date_joined": "2017-10-30T22:00:07.318Z",
      "username": "delectusvoluptatem",
      "email": "john22@hotmail.com",
      "groups": [],
      "user_permissions": []
    }
  },
  {
    "model": "unity_userdata.player",
    "pk": 90,
    "fields": {
      "password": "pbkdf2_sha256$36000$pdhtIXd2LeZ4$H4vLAwfEyCcc8dAIf1aj2DxWWjFsKXswHgikTBBWKdA=",
      "last_login": null,
      "is_superuser": false,
      "first_name": "",
      "last_name": "",
      "is_staff": false,
      "is_active": true,
      "date_joined": "2017-10-30T22:00:07.362Z",
      "username": "suscipitrepellendus",
      "email": "greenmiguel@gmail.com",
      "groups": [],
      "user_permissions": []
    }
  },
  {
    "model": "unity_userdata.player",
    "pk": 91,
    "fields": {
      "password": "pbkdf2_sha256$36000$i6iH6iRxfJeV$gZfTgD6NoXjYI2MBx8hHPkEZQ37j71zbi3Z62BZW4bc=",
      "last_login": null,
      "is_superuser": false,
      "first_name": "",
      "last_name": "",
      "is_staff": false,
      "is_active": true,
      "date_joined": "2017-10-30T22:00:07.409Z",
      "username": "laudantiumtempore",
      "email": "gonzalezkristopher@bryan-beltran.com",
      "groups": [],
      "user_permissions": []
    }
  },
  {
    "model": "unity_userdata.player",
    "pk": 92,
    "fields": {
      "password": "pbkdf2_sha256$36000$aHlpaUVmAVey$MQgzPp0QpjsapGWHI3lH8US+MHdDna5x/JdfGleNoSQ=",
      "last_login": null,
      "is_superuser": false,
      "first_name": "",
      "last_name": "",
      "is_staff": false,
      "is_active": true,
      "date_joined": "2017-10-30T22:00:07.453Z",
      "username": "ipsamratione",
      "email": "cnelson@hotmail.com",
      "groups": [],
      "user_permissions": []
    }
  },
  {
    "model": "unity_userdata.player",
    "pk": 93,
    "fields": {
      "password": "pbkdf2_sha256$36000$B1Ms91v5lKcZ$ZrD+Z5uSgRFXcmf5DXHQ1x82RPo+WggXAtcGzV/y8Po=",
      "last_login": null,
      "is_superuser": false,
      "first_name": "",
      "last_name": "",
      "is_staff": false,
      "is_active": true,
      "date_joined": "2017-10-30T22:00:07.494Z",
      "username": "quasaspernatur",
      "email": "james51@yahoo.com",
      "groups": [],
      "user_permissions": []
    }
  },
  {
    "model": "unity_userdata.player",
    "pk": 94,
    "fields": {
      "password": "pbkdf2_sha256$36000$zmw6LVmCm2US$l0Dn5nUtgsg2UOBvvff9naB3opBSm+9F5uHJY5iYD+o=",
      "last_login": null,
      "is_superuser": false,
      "first_name": "",
      "last_name": "",
      "is_staff": false,
      "is_active": true,
      "date_joined": "2017-10-30T22:00:07.538Z",
      "username": "solutamaiores",
      "email": "aphillips@hotmail.com",
      "groups": [],
      "user_permissions": []
    }
  },
  {
    "model": "unity_userdata.player",
    "pk": 95,
    "fields": {
      "password": "pbkdf2_sha256$36000$Kb1BBi9Cvv3g$6yopi4B01M1+0e7Fy5ErZhhQR1o00LPb9W0r+zCtBQ4=",
      "last_login": null,
      "is_superuser": false,
      "first_name": "",
      "last_name": "",
      "is_staff": false,
      "is_active": true,
      "date_joined": "2017-10-30T22:00:07.587Z",
      "username": "idfacere",
      "email": "mcarroll@watts.org",
      "groups": [],
      "user_permissions": []
    }
  },
  {
    "model": "unity_userdata.player",
    "pk": 96,
    "fields": {
      "password": "pbkdf2_sha256$36000$Hx0Cvuch2GAs$RPrU/9FHMfKkNSQs/VakgbU6OJyDtaEgLnlxQ8W9LIw=",
      "last_login": null,
      "is_superuser": false,
      "first_name": "",
      "last_name": "",
      "is_staff": false,
      "is_active": true,
      "date_joined": "2017-10-30T22:00:07.630Z",
      "username": "oditreprehenderit",
      "email": "nicholasschaefer@conrad-hardin.com",
      "groups": [],
      "user_permissions": []
    }
  },
  {
    "model": "unity_userdata.player",
    "pk": 97,
    "fields": {
      "password": "pbkdf2_sha256$36000$S276Wo8aEVcr$RSY/SXupUwSm48/PZlrZKvl5dALpkvpHHJsaDVXlkZI=",
      "last_login": null,
      "is_superuser": false,
      "first_name": "",
      "last_name": "",
      "is_staff": false,
      "is_active": true,
      "date_joined": "2017-10-30T22:00:07.675Z",
      "username": "itaquequos",
      "email": "patricia12@hotmail.com",
      "groups": [],
      "user_permissions": []
    }
  },
  {
    "model": "unity_userdata.player",
    "pk": 98,
    "fields": {
      "password": "pbkdf2_sha256$36000$gSfJxNj9jTdw$9w/dlKNhbi60y69Hdu77RykP4J1BBAIhvz+kEgN3ye0=",
      "last_login": null,
      "is_superuser": false,
      "first_name": "",
      "last_name": "",
      "is_staff": false,
      "is_active": true,
      "date_joined": "2017-10-30T22:00:07.720Z",
      "username": "rationeexplicabo",
      "email": "wcole@hayes-martin.info",
      "groups": [],
      "user_permissions": []
    }
  },
  {
    "model": "unity_userdata.player",
    "pk": 99,
    "fields": {
      "password": "pbkdf2_sha256$36000$g5bfGZ3lbe5n$UjsQG1cjFZITpD4fS5oDIMy5JmYt3a54Sm3p2ccdC9U=",
      "last_login": null,
      "is_superuser": false,
      "first_name": "",
      "last_name": "",
      "is_staff": false,
      "is_active": true,
      "date_joined": "2017-10-30T22:00:07.765Z",
      "username": "porrovel",
      "email": "fowlerkaren@anderson-pace.org",
      "groups": [],
      "user_permissions": []
    }
  },
  {
    "model": "unity_userdata.player",
    "pk": 100,
    "fields": {
      "password": "pbkdf2_sha256$36000$SGi9GfML071B$aj5xpYuYx/0qu9s0kBa8SDEzs+f7t6HzETy83+fcZCk=",
      "last_login": null,
      "is_superuser": false,
      "first_name": "",
      "last_name": "",
      "is_staff": false,
      "is_active": true,
      "date_joined": "2017-10-30T22:00:07.812Z",
      "username": "auteaque",
      "email": "nathan42@ryan.com",
      "groups": [],
      "user_permissions": []
    }
  },
  {
    "model": "unity_userdata.player_gamesession",
    "pk": 1,
    "fields": {
      "player": "85",
      "game_session": "70f5f46d-4e48-4a18-ac29-ca8ffa6a27b8",
      "x_position": -833,
      "y_position": 925,
      "points": 605374,
      "date_joined": "2017-10-30T22:02:49.165Z",
      "last_accessed": "2017-10-30T22:02:49.165Z"
    }
  },
  {
    "model": "unity_userdata.player_gamesession",
    "pk": 2,
    "fields": {
      "player": "2",
      "game_session": "62e6897c-322f-49c3-bded-5843de39ed03",
      "x_position": -287,
      "y_position": 675,
      "points": 345548,
      "date_joined": "2017-10-30T22:02:49.170Z",
      "last_accessed": "2017-10-30T22:02:49.170Z"
    }
  },
  {
    "model": "unity_userdata.player_gamesession",
    "pk": 3,
    "fields": {
      "player": "59",
      "game_session": "34236cc4-3ec3-4532-b345-d742298e48c8",
      "x_position": 869,
      "y_position": 692,
      "points": 700222,
      "date_joined": "2017-10-30T22:02:49.172Z",
      "last_accessed": "2017-10-30T22:02:49.172Z"
    }
  },
  {
    "model": "unity_userdata.player_gamesession",
    "pk": 4,
    "fields": {
      "player": "36",
      "game_session": "1222d94e-271c-4664-942e-169cc173bfa4",
      "x_position": -31,
      "y_position": 490,
      "points": 302971,
      "date_joined": "2017-10-30T22:02:49.175Z",
      "last_accessed": "2017-10-30T22:02:49.175Z"
    }
  },
  {
    "model": "unity_userdata.player_gamesession",
    "pk": 5,
    "fields": {
      "player": "93",
      "game_session": "e48a19d6-061b-4414-ba6a-d01f66af72e1",
      "x_position": -569,
      "y_position": -345,
      "points": 386674,
      "date_joined": "2017-10-30T22:02:49.179Z",
      "last_accessed": "2017-10-30T22:02:49.179Z"
    }
  },
  {
    "model": "unity_userdata.player_gamesession",
    "pk": 6,
    "fields": {
      "player": "35",
      "game_session": "32566e77-1679-439e-926f-77c7a8622c9f",
      "x_position": 585,
      "y_position": 921,
      "points": 402274,
      "date_joined": "2017-10-30T22:02:49.182Z",
      "last_accessed": "2017-10-30T22:02:49.182Z"
    }
  },
  {
    "model": "unity_userdata.player_gamesession",
    "pk": 7,
    "fields": {
      "player": "56",
      "game_session": "62e6897c-322f-49c3-bded-5843de39ed03",
      "x_position": -18,
      "y_position": 571,
      "points": 168901,
      "date_joined": "2017-10-30T22:02:49.184Z",
      "last_accessed": "2017-10-30T22:02:49.184Z"
    }
  },
  {
    "model": "unity_userdata.player_gamesession",
    "pk": 8,
    "fields": {
      "player": "62",
      "game_session": "d94adff3-1195-46a0-9adc-147d3e968511",
      "x_position": -235,
      "y_position": 769,
      "points": 70354,
      "date_joined": "2017-10-30T22:02:49.187Z",
      "last_accessed": "2017-10-30T22:02:49.187Z"
    }
  },
  {
    "model": "unity_userdata.player_gamesession",
    "pk": 9,
    "fields": {
      "player": "40",
      "game_session": "70f5f46d-4e48-4a18-ac29-ca8ffa6a27b8",
      "x_position": -95,
      "y_position": -261,
      "points": 553033,
      "date_joined": "2017-10-30T22:02:49.190Z",
      "last_accessed": "2017-10-30T22:02:49.190Z"
    }
  },
  {
    "model": "unity_userdata.player_gamesession",
    "pk": 10,
    "fields": {
      "player": "70",
      "game_session": "32566e77-1679-439e-926f-77c7a8622c9f",
      "x_position": -62,
      "y_position": -351,
      "points": 424267,
      "date_joined": "2017-10-30T22:02:49.192Z",
      "last_accessed": "2017-10-30T22:02:49.192Z"
    }
  },
  {
    "model": "unity_userdata.player_gamesession",
    "pk": 11,
    "fields": {
      "player": "99",
      "game_session": "62e6897c-322f-49c3-bded-5843de39ed03",
      "x_position": -938,
      "y_position": -599,
      "points": 886253,
      "date_joined": "2017-10-30T22:02:49.195Z",
      "last_accessed": "2017-10-30T22:02:49.195Z"
    }
  },
  {
    "model": "unity_userdata.player_gamesession",
    "pk": 12,
    "fields": {
      "player": "60",
      "game_session": "835fedef-df3e-470f-9bc3-5e2935f0db13",
      "x_position": -177,
      "y_position": 832,
      "points": 880367,
      "date_joined": "2017-10-30T22:02:49.197Z",
      "last_accessed": "2017-10-30T22:02:49.198Z"
    }
  },
  {
    "model": "unity_userdata.player_gamesession",
    "pk": 13,
    "fields": {
      "player": "12",
      "game_session": "70f5f46d-4e48-4a18-ac29-ca8ffa6a27b8",
      "x_position": 263,
      "y_position": -551,
      "points": 309096,
      "date_joined": "2017-10-30T22:02:49.201Z",
      "last_accessed": "2017-10-30T22:02:49.201Z"
    }
  },
  {
    "model": "unity_userdata.player_gamesession",
    "pk": 14,
    "fields": {
      "player": "29",
      "game_session": "e48a19d6-061b-4414-ba6a-d01f66af72e1",
      "x_position": -680,
      "y_position": 452,
      "points": 11358,
      "date_joined": "2017-10-30T22:02:49.204Z",
      "last_accessed": "2017-10-30T22:02:49.204Z"
    }
  },
  {
    "model": "unity_userdata.player_gamesession",
    "pk": 15,
    "fields": {
      "player": "39",
      "game_session": "d94adff3-1195-46a0-9adc-147d3e968511",
      "x_position": 213,
      "y_position": 463,
      "points": 192142,
      "date_joined": "2017-10-30T22:02:49.208Z",
      "last_accessed": "2017-10-30T22:02:49.208Z"
    }
  },
  {
    "model": "unity_userdata.player_gamesession",
    "pk": 16,
    "fields": {
      "player": "52",
      "game_session": "1222d94e-271c-4664-942e-169cc173bfa4",
      "x_position": 601,
      "y_position": -781,
      "points": 598374,
      "date_joined": "2017-10-30T22:02:49.213Z",
      "last_accessed": "2017-10-30T22:02:49.213Z"
    }
  },
  {
    "model": "unity_userdata.player_gamesession",
    "pk": 17,
    "fields": {
      "player": "87",
      "game_session": "62e6897c-322f-49c3-bded-5843de39ed03",
      "x_position": -137,
      "y_position": 344,
      "points": 690901,
      "date_joined": "2017-10-30T22:02:49.217Z",
      "last_accessed": "2017-10-30T22:02:49.217Z"
    }
  },
  {
    "model": "unity_userdata.player_gamesession",
    "pk": 18,
    "fields": {
      "player": "78",
      "game_session": "08f491ad-5d50-470f-bcc1-86b64a31905f",
      "x_position": -115,
      "y_position": -869,
      "points": 276653,
      "date_joined": "2017-10-30T22:02:49.220Z",
      "last_accessed": "2017-10-30T22:02:49.220Z"
    }
  },
  {
    "model": "unity_userdata.player_gamesession",
    "pk": 19,
    "fields": {
      "player": "48",
      "game_session": "32566e77-1679-439e-926f-77c7a8622c9f",
      "x_position": 133,
      "y_position": 621,
      "points": 374727,
      "date_joined": "2017-10-30T22:02:49.223Z",
      "last_accessed": "2017-10-30T22:02:49.223Z"
    }
  },
  {
    "model": "unity_userdata.player_gamesession",
    "pk": 20,
    "fields": {
      "player": "81",
      "game_session": "1222d94e-271c-4664-942e-169cc173bfa4",
      "x_position": 395,
      "y_position": -465,
      "points": 506088,
      "date_joined": "2017-10-30T22:02:49.225Z",
      "last_accessed": "2017-10-30T22:02:49.225Z"
    }
  },
  {
    "model": "unity_userdata.player_gamesession",
    "pk": 21,
    "fields": {
      "player": "97",
      "game_session": "6eaef831-a7be-4d2a-b12a-66690ab0cf70",
      "x_position": -552,
      "y_position": -646,
      "points": 810660,
      "date_joined": "2017-10-30T22:02:49.228Z",
      "last_accessed": "2017-10-30T22:02:49.228Z"
    }
  },
  {
    "model": "unity_userdata.player_gamesession",
    "pk": 22,
    "fields": {
      "player": "97",
      "game_session": "70f5f46d-4e48-4a18-ac29-ca8ffa6a27b8",
      "x_position": 925,
      "y_position": 740,
      "points": 544198,
      "date_joined": "2017-10-30T22:02:49.230Z",
      "last_accessed": "2017-10-30T22:02:49.230Z"
    }
  },
  {
    "model": "unity_userdata.player_gamesession",
    "pk": 23,
    "fields": {
      "player": "97",
      "game_session": "835fedef-df3e-470f-9bc3-5e2935f0db13",
      "x_position": 58,
      "y_position": -889,
      "points": 641615,
      "date_joined": "2017-10-30T22:02:49.233Z",
      "last_accessed": "2017-10-30T22:02:49.233Z"
    }
  },
  {
    "model": "unity_userdata.player_gamesession",
    "pk": 24,
    "fields": {
      "player": "9",
      "game_session": "34236cc4-3ec3-4532-b345-d742298e48c8",
      "x_position": 814,
      "y_position": 925,
      "points": 654725,
      "date_joined": "2017-10-30T22:02:49.235Z",
      "last_accessed": "2017-10-30T22:02:49.235Z"
    }
  },
  {
    "model": "unity_userdata.player_gamesession",
    "pk": 25,
    "fields": {
      "player": "6",
      "game_session": "08f491ad-5d50-470f-bcc1-86b64a31905f",
      "x_position": 655,
      "y_position": 773,
      "points": 287223,
      "date_joined": "2017-10-30T22:02:49.237Z",
      "last_accessed": "2017-10-30T22:02:49.237Z"
    }
  },
  {
    "model": "unity_userdata.player_gamesession",
    "pk": 26,
    "fields": {
      "player": "63",
      "game_session": "70f5f46d-4e48-4a18-ac29-ca8ffa6a27b8",
      "x_position": -494,
      "y_position": 790,
      "points": 963168,
      "date_joined": "2017-10-30T22:02:49.240Z",
      "last_accessed": "2017-10-30T22:02:49.240Z"
    }
  },
  {
    "model": "unity_userdata.player_gamesession",
    "pk": 27,
    "fields": {
      "player": "71",
      "game_session": "34236cc4-3ec3-4532-b345-d742298e48c8",
      "x_position": 543,
      "y_position": -153,
      "points": 416738,
      "date_joined": "2017-10-30T22:02:49.243Z",
      "last_accessed": "2017-10-30T22:02:49.243Z"
    }
  },
  {
    "model": "unity_userdata.player_gamesession",
    "pk": 28,
    "fields": {
      "player": "25",
      "game_session": "34236cc4-3ec3-4532-b345-d742298e48c8",
      "x_position": 180,
      "y_position": -975,
      "points": 294795,
      "date_joined": "2017-10-30T22:02:49.245Z",
      "last_accessed": "2017-10-30T22:02:49.245Z"
    }
  },
  {
    "model": "unity_userdata.player_gamesession",
    "pk": 29,
    "fields": {
      "player": "89",
      "game_session": "d94adff3-1195-46a0-9adc-147d3e968511",
      "x_position": 92,
      "y_position": -942,
      "points": 726882,
      "date_joined": "2017-10-30T22:02:49.248Z",
      "last_accessed": "2017-10-30T22:02:49.248Z"
    }
  },
  {
    "model": "unity_userdata.player_gamesession",
    "pk": 30,
    "fields": {
      "player": "89",
      "game_session": "d94adff3-1195-46a0-9adc-147d3e968511",
      "x_position": -960,
      "y_position": 710,
      "points": 18394,
      "date_joined": "2017-10-30T22:02:49.250Z",
      "last_accessed": "2017-10-30T22:02:49.250Z"
    }
  },
  {
    "model": "unity_userdata.player_gamesession",
    "pk": 31,
    "fields": {
      "player": "90",
      "game_session": "32566e77-1679-439e-926f-77c7a8622c9f",
      "x_position": -340,
      "y_position": 215,
      "points": 305473,
      "date_joined": "2017-10-30T22:02:49.252Z",
      "last_accessed": "2017-10-30T22:02:49.252Z"
    }
  },
  {
    "model": "unity_userdata.player_gamesession",
    "pk": 32,
    "fields": {
      "player": "44",
      "game_session": "835fedef-df3e-470f-9bc3-5e2935f0db13",
      "x_position": -176,
      "y_position": 738,
      "points": 406446,
      "date_joined": "2017-10-30T22:02:49.255Z",
      "last_accessed": "2017-10-30T22:02:49.255Z"
    }
  },
  {
    "model": "unity_userdata.player_gamesession",
    "pk": 33,
    "fields": {
      "player": "68",
      "game_session": "1222d94e-271c-4664-942e-169cc173bfa4",
      "x_position": -584,
      "y_position": 929,
      "points": 697154,
      "date_joined": "2017-10-30T22:02:49.257Z",
      "last_accessed": "2017-10-30T22:02:49.258Z"
    }
  },
  {
    "model": "unity_userdata.player_gamesession",
    "pk": 34,
    "fields": {
      "player": "62",
      "game_session": "08f491ad-5d50-470f-bcc1-86b64a31905f",
      "x_position": 132,
      "y_position": 645,
      "points": 508637,
      "date_joined": "2017-10-30T22:02:49.260Z",
      "last_accessed": "2017-10-30T22:02:49.260Z"
    }
  },
  {
    "model": "unity_userdata.player_gamesession",
    "pk": 35,
    "fields": {
      "player": "77",
      "game_session": "32566e77-1679-439e-926f-77c7a8622c9f",
      "x_position": -409,
      "y_position": -720,
      "points": 429057,
      "date_joined": "2017-10-30T22:02:49.262Z",
      "last_accessed": "2017-10-30T22:02:49.262Z"
    }
  },
  {
    "model": "unity_userdata.player_gamesession",
    "pk": 36,
    "fields": {
      "player": "73",
      "game_session": "e48a19d6-061b-4414-ba6a-d01f66af72e1",
      "x_position": 133,
      "y_position": -965,
      "points": 948359,
      "date_joined": "2017-10-30T22:02:49.265Z",
      "last_accessed": "2017-10-30T22:02:49.265Z"
    }
  },
  {
    "model": "unity_userdata.player_gamesession",
    "pk": 37,
    "fields": {
      "player": "73",
      "game_session": "32566e77-1679-439e-926f-77c7a8622c9f",
      "x_position": 650,
      "y_position": 438,
      "points": 956745,
      "date_joined": "2017-10-30T22:02:49.267Z",
      "last_accessed": "2017-10-30T22:02:49.267Z"
    }
  },
  {
    "model": "unity_userdata.player_gamesession",
    "pk": 38,
    "fields": {
      "player": "94",
      "game_session": "70f5f46d-4e48-4a18-ac29-ca8ffa6a27b8",
      "x_position": 328,
      "y_position": -827,
      "points": 950506,
      "date_joined": "2017-10-30T22:02:49.270Z",
      "last_accessed": "2017-10-30T22:02:49.270Z"
    }
  },
  {
    "model": "unity_userdata.player_gamesession",
    "pk": 39,
    "fields": {
      "player": "31",
      "game_session": "1222d94e-271c-4664-942e-169cc173bfa4",
      "x_position": 105,
      "y_position": -939,
      "points": 458368,
      "date_joined": "2017-10-30T22:02:49.272Z",
      "last_accessed": "2017-10-30T22:02:49.272Z"
    }
  },
  {
    "model": "unity_userdata.player_gamesession",
    "pk": 40,
    "fields": {
      "player": "58",
      "game_session": "1222d94e-271c-4664-942e-169cc173bfa4",
      "x_position": -297,
      "y_position": 574,
      "points": 465436,
      "date_joined": "2017-10-30T22:02:49.274Z",
      "last_accessed": "2017-10-30T22:02:49.274Z"
    }
  },
  {
    "model": "unity_userdata.player_gamesession",
    "pk": 41,
    "fields": {
      "player": "47",
      "game_session": "d94adff3-1195-46a0-9adc-147d3e968511",
      "x_position": 592,
      "y_position": 530,
      "points": 474639,
      "date_joined": "2017-10-30T22:02:49.277Z",
      "last_accessed": "2017-10-30T22:02:49.277Z"
    }
  },
  {
    "model": "unity_userdata.player_gamesession",
    "pk": 42,
    "fields": {
      "player": "58",
      "game_session": "34236cc4-3ec3-4532-b345-d742298e48c8",
      "x_position": 420,
      "y_position": -357,
      "points": 725153,
      "date_joined": "2017-10-30T22:02:49.280Z",
      "last_accessed": "2017-10-30T22:02:49.280Z"
    }
  },
  {
    "model": "unity_userdata.player_gamesession",
    "pk": 43,
    "fields": {
      "player": "28",
      "game_session": "08f491ad-5d50-470f-bcc1-86b64a31905f",
      "x_position": -729,
      "y_position": -932,
      "points": 516121,
      "date_joined": "2017-10-30T22:02:49.283Z",
      "last_accessed": "2017-10-30T22:02:49.284Z"
    }
  },
  {
    "model": "unity_userdata.player_gamesession",
    "pk": 44,
    "fields": {
      "player": "24",
      "game_session": "1222d94e-271c-4664-942e-169cc173bfa4",
      "x_position": -862,
      "y_position": -89,
      "points": 146584,
      "date_joined": "2017-10-30T22:02:49.286Z",
      "last_accessed": "2017-10-30T22:02:49.286Z"
    }
  },
  {
    "model": "unity_userdata.player_gamesession",
    "pk": 45,
    "fields": {
      "player": "6",
      "game_session": "e48a19d6-061b-4414-ba6a-d01f66af72e1",
      "x_position": -463,
      "y_position": 168,
      "points": 282858,
      "date_joined": "2017-10-30T22:02:49.289Z",
      "last_accessed": "2017-10-30T22:02:49.289Z"
    }
  },
  {
    "model": "unity_userdata.player_gamesession",
    "pk": 46,
    "fields": {
      "player": "33",
      "game_session": "1222d94e-271c-4664-942e-169cc173bfa4",
      "x_position": -134,
      "y_position": 617,
      "points": 289677,
      "date_joined": "2017-10-30T22:02:49.291Z",
      "last_accessed": "2017-10-30T22:02:49.291Z"
    }
  },
  {
    "model": "unity_userdata.player_gamesession",
    "pk": 47,
    "fields": {
      "player": "49",
      "game_session": "e48a19d6-061b-4414-ba6a-d01f66af72e1",
      "x_position": 273,
      "y_position": -288,
      "points": 314532,
      "date_joined": "2017-10-30T22:02:49.295Z",
      "last_accessed": "2017-10-30T22:02:49.295Z"
    }
  },
  {
    "model": "unity_userdata.player_gamesession",
    "pk": 48,
    "fields": {
      "player": "12",
      "game_session": "32566e77-1679-439e-926f-77c7a8622c9f",
      "x_position": -178,
      "y_position": -472,
      "points": 258797,
      "date_joined": "2017-10-30T22:02:49.298Z",
      "last_accessed": "2017-10-30T22:02:49.298Z"
    }
  },
  {
    "model": "unity_userdata.player_gamesession",
    "pk": 49,
    "fields": {
      "player": "1",
      "game_session": "08f491ad-5d50-470f-bcc1-86b64a31905f",
      "x_position": 742,
      "y_position": 552,
      "points": 969025,
      "date_joined": "2017-10-30T22:02:49.300Z",
      "last_accessed": "2017-10-30T22:02:49.300Z"
    }
  },
  {
    "model": "unity_userdata.player_gamesession",
    "pk": 50,
    "fields": {
      "player": "36",
      "game_session": "62e6897c-322f-49c3-bded-5843de39ed03",
      "x_position": 400,
      "y_position": -578,
      "points": 915262,
      "date_joined": "2017-10-30T22:02:49.303Z",
      "last_accessed": "2017-10-30T22:02:49.303Z"
    }
  },
  {
    "model": "unity_userdata.player_gamesession",
    "pk": 51,
    "fields": {
      "player": "33",
      "game_session": "1222d94e-271c-4664-942e-169cc173bfa4",
      "x_position": -667,
      "y_position": 25,
      "points": 104934,
      "date_joined": "2017-10-30T22:02:49.305Z",
      "last_accessed": "2017-10-30T22:02:49.305Z"
    }
  },
  {
    "model": "unity_userdata.player_gamesession",
    "pk": 52,
    "fields": {
      "player": "97",
      "game_session": "d94adff3-1195-46a0-9adc-147d3e968511",
      "x_position": 827,
      "y_position": -788,
      "points": 856473,
      "date_joined": "2017-10-30T22:02:49.308Z",
      "last_accessed": "2017-10-30T22:02:49.308Z"
    }
  },
  {
    "model": "unity_userdata.player_gamesession",
    "pk": 53,
    "fields": {
      "player": "13",
      "game_session": "835fedef-df3e-470f-9bc3-5e2935f0db13",
      "x_position": -719,
      "y_position": 109,
      "points": 370067,
      "date_joined": "2017-10-30T22:02:49.310Z",
      "last_accessed": "2017-10-30T22:02:49.310Z"
    }
  },
  {
    "model": "unity_userdata.player_gamesession",
    "pk": 54,
    "fields": {
      "player": "55",
      "game_session": "62e6897c-322f-49c3-bded-5843de39ed03",
      "x_position": 508,
      "y_position": 534,
      "points": 778660,
      "date_joined": "2017-10-30T22:02:49.313Z",
      "last_accessed": "2017-10-30T22:02:49.313Z"
    }
  },
  {
    "model": "unity_userdata.player_gamesession",
    "pk": 55,
    "fields": {
      "player": "80",
      "game_session": "6eaef831-a7be-4d2a-b12a-66690ab0cf70",
      "x_position": -472,
      "y_position": 522,
      "points": 502335,
      "date_joined": "2017-10-30T22:02:49.315Z",
      "last_accessed": "2017-10-30T22:02:49.315Z"
    }
  },
  {
    "model": "unity_userdata.player_gamesession",
    "pk": 56,
    "fields": {
      "player": "31",
      "game_session": "08f491ad-5d50-470f-bcc1-86b64a31905f",
      "x_position": -834,
      "y_position": 892,
      "points": 948323,
      "date_joined": "2017-10-30T22:02:49.318Z",
      "last_accessed": "2017-10-30T22:02:49.318Z"
    }
  },
  {
    "model": "unity_userdata.player_gamesession",
    "pk": 57,
    "fields": {
      "player": "100",
      "game_session": "835fedef-df3e-470f-9bc3-5e2935f0db13",
      "x_position": 829,
      "y_position": -143,
      "points": 400876,
      "date_joined": "2017-10-30T22:02:49.320Z",
      "last_accessed": "2017-10-30T22:02:49.320Z"
    }
  },
  {
    "model": "unity_userdata.player_gamesession",
    "pk": 58,
    "fields": {
      "player": "50",
      "game_session": "08f491ad-5d50-470f-bcc1-86b64a31905f",
      "x_position": 673,
      "y_position": -200,
      "points": 584182,
      "date_joined": "2017-10-30T22:02:49.323Z",
      "last_accessed": "2017-10-30T22:02:49.323Z"
    }
  },
  {
    "model": "unity_userdata.player_gamesession",
    "pk": 59,
    "fields": {
      "player": "82",
      "game_session": "e48a19d6-061b-4414-ba6a-d01f66af72e1",
      "x_position": -606,
      "y_position": 491,
      "points": 370496,
      "date_joined": "2017-10-30T22:02:49.325Z",
      "last_accessed": "2017-10-30T22:02:49.325Z"
    }
  },
  {
    "model": "unity_userdata.player_gamesession",
    "pk": 60,
    "fields": {
      "player": "12",
      "game_session": "32566e77-1679-439e-926f-77c7a8622c9f",
      "x_position": -618,
      "y_position": -66,
      "points": 914641,
      "date_joined": "2017-10-30T22:02:49.328Z",
      "last_accessed": "2017-10-30T22:02:49.328Z"
    }
  },
  {
    "model": "unity_userdata.player_gamesession",
    "pk": 61,
    "fields": {
      "player": "6",
      "game_session": "835fedef-df3e-470f-9bc3-5e2935f0db13",
      "x_position": -185,
      "y_position": 966,
      "points": 138422,
      "date_joined": "2017-10-30T22:02:49.330Z",
      "last_accessed": "2017-10-30T22:02:49.330Z"
    }
  },
  {
    "model": "unity_userdata.player_gamesession",
    "pk": 62,
    "fields": {
      "player": "30",
      "game_session": "70f5f46d-4e48-4a18-ac29-ca8ffa6a27b8",
      "x_position": 798,
      "y_position": -693,
      "points": 708354,
      "date_joined": "2017-10-30T22:02:49.333Z",
      "last_accessed": "2017-10-30T22:02:49.333Z"
    }
  },
  {
    "model": "unity_userdata.player_gamesession",
    "pk": 63,
    "fields": {
      "player": "62",
      "game_session": "d94adff3-1195-46a0-9adc-147d3e968511",
      "x_position": -186,
      "y_position": -616,
      "points": 563086,
      "date_joined": "2017-10-30T22:02:49.335Z",
      "last_accessed": "2017-10-30T22:02:49.335Z"
    }
  },
  {
    "model": "unity_userdata.player_gamesession",
    "pk": 64,
    "fields": {
      "player": "81",
      "game_session": "34236cc4-3ec3-4532-b345-d742298e48c8",
      "x_position": 316,
      "y_position": -728,
      "points": 866440,
      "date_joined": "2017-10-30T22:02:49.338Z",
      "last_accessed": "2017-10-30T22:02:49.338Z"
    }
  },
  {
    "model": "unity_userdata.player_gamesession",
    "pk": 65,
    "fields": {
      "player": "71",
      "game_session": "e48a19d6-061b-4414-ba6a-d01f66af72e1",
      "x_position": 357,
      "y_position": 714,
      "points": 971559,
      "date_joined": "2017-10-30T22:02:49.341Z",
      "last_accessed": "2017-10-30T22:02:49.341Z"
    }
  },
  {
    "model": "unity_userdata.player_gamesession",
    "pk": 66,
    "fields": {
      "player": "15",
      "game_session": "62e6897c-322f-49c3-bded-5843de39ed03",
      "x_position": 678,
      "y_position": 994,
      "points": 123518,
      "date_joined": "2017-10-30T22:02:49.343Z",
      "last_accessed": "2017-10-30T22:02:49.343Z"
    }
  },
  {
    "model": "unity_userdata.player_gamesession",
    "pk": 67,
    "fields": {
      "player": "71",
      "game_session": "e48a19d6-061b-4414-ba6a-d01f66af72e1",
      "x_position": -435,
      "y_position": 290,
      "points": 608409,
      "date_joined": "2017-10-30T22:02:49.346Z",
      "last_accessed": "2017-10-30T22:02:49.346Z"
    }
  },
  {
    "model": "unity_userdata.player_gamesession",
    "pk": 68,
    "fields": {
      "player": "7",
      "game_session": "835fedef-df3e-470f-9bc3-5e2935f0db13",
      "x_position": 599,
      "y_position": -82,
      "points": 917609,
      "date_joined": "2017-10-30T22:02:49.348Z",
      "last_accessed": "2017-10-30T22:02:49.348Z"
    }
  },
  {
    "model": "unity_userdata.player_gamesession",
    "pk": 69,
    "fields": {
      "player": "94",
      "game_session": "d94adff3-1195-46a0-9adc-147d3e968511",
      "x_position": -64,
      "y_position": -653,
      "points": 938648,
      "date_joined": "2017-10-30T22:02:49.351Z",
      "last_accessed": "2017-10-30T22:02:49.351Z"
    }
  },
  {
    "model": "unity_userdata.player_gamesession",
    "pk": 70,
    "fields": {
      "player": "45",
      "game_session": "e48a19d6-061b-4414-ba6a-d01f66af72e1",
      "x_position": 816,
      "y_position": 309,
      "points": 670416,
      "date_joined": "2017-10-30T22:02:49.353Z",
      "last_accessed": "2017-10-30T22:02:49.353Z"
    }
  },
  {
    "model": "unity_userdata.player_gamesession",
    "pk": 71,
    "fields": {
      "player": "50",
      "game_session": "6eaef831-a7be-4d2a-b12a-66690ab0cf70",
      "x_position": 362,
      "y_position": -667,
      "points": 278664,
      "date_joined": "2017-10-30T22:02:49.356Z",
      "last_accessed": "2017-10-30T22:02:49.356Z"
    }
  },
  {
    "model": "unity_userdata.player_gamesession",
    "pk": 72,
    "fields": {
      "player": "7",
      "game_session": "1222d94e-271c-4664-942e-169cc173bfa4",
      "x_position": 271,
      "y_position": -394,
      "points": 998151,
      "date_joined": "2017-10-30T22:02:49.358Z",
      "last_accessed": "2017-10-30T22:02:49.358Z"
    }
  },
  {
    "model": "unity_userdata.player_gamesession",
    "pk": 73,
    "fields": {
      "player": "4",
      "game_session": "32566e77-1679-439e-926f-77c7a8622c9f",
      "x_position": 873,
      "y_position": 597,
      "points": 233236,
      "date_joined": "2017-10-30T22:02:49.361Z",
      "last_accessed": "2017-10-30T22:02:49.361Z"
    }
  },
  {
    "model": "unity_userdata.player_gamesession",
    "pk": 74,
    "fields": {
      "player": "11",
      "game_session": "e48a19d6-061b-4414-ba6a-d01f66af72e1",
      "x_position": 579,
      "y_position": -355,
      "points": 304529,
      "date_joined": "2017-10-30T22:02:49.363Z",
      "last_accessed": "2017-10-30T22:02:49.363Z"
    }
  },
  {
    "model": "unity_userdata.player_gamesession",
    "pk": 75,
    "fields": {
      "player": "86",
      "game_session": "1222d94e-271c-4664-942e-169cc173bfa4",
      "x_position": 45,
      "y_position": -864,
      "points": 34510,
      "date_joined": "2017-10-30T22:02:49.366Z",
      "last_accessed": "2017-10-30T22:02:49.366Z"
    }
  },
  {
    "model": "unity_userdata.player_gamesession",
    "pk": 76,
    "fields": {
      "player": "45",
      "game_session": "835fedef-df3e-470f-9bc3-5e2935f0db13",
      "x_position": -916,
      "y_position": 411,
      "points": 555672,
      "date_joined": "2017-10-30T22:02:49.369Z",
      "last_accessed": "2017-10-30T22:02:49.369Z"
    }
  },
  {
    "model": "unity_userdata.player_gamesession",
    "pk": 77,
    "fields": {
      "player": "65",
      "game_session": "d94adff3-1195-46a0-9adc-147d3e968511",
      "x_position": 517,
      "y_position": -591,
      "points": 116206,
      "date_joined": "2017-10-30T22:02:49.371Z",
      "last_accessed": "2017-10-30T22:02:49.371Z"
    }
  },
  {
    "model": "unity_userdata.player_gamesession",
    "pk": 78,
    "fields": {
      "player": "52",
      "game_session": "62e6897c-322f-49c3-bded-5843de39ed03",
      "x_position": 634,
      "y_position": 559,
      "points": 174828,
      "date_joined": "2017-10-30T22:02:49.374Z",
      "last_accessed": "2017-10-30T22:02:49.374Z"
    }
  },
  {
    "model": "unity_userdata.player_gamesession",
    "pk": 79,
    "fields": {
      "player": "66",
      "game_session": "6eaef831-a7be-4d2a-b12a-66690ab0cf70",
      "x_position": 621,
      "y_position": 74,
      "points": 74384,
      "date_joined": "2017-10-30T22:02:49.378Z",
      "last_accessed": "2017-10-30T22:02:49.378Z"
    }
  },
  {
    "model": "unity_userdata.player_gamesession",
    "pk": 80,
    "fields": {
      "player": "88",
      "game_session": "62e6897c-322f-49c3-bded-5843de39ed03",
      "x_position": 232,
      "y_position": 993,
      "points": 20342,
      "date_joined": "2017-10-30T22:02:49.381Z",
      "last_accessed": "2017-10-30T22:02:49.381Z"
    }
  },
  {
    "model": "unity_userdata.player_gamesession",
    "pk": 81,
    "fields": {
      "player": "76",
      "game_session": "70f5f46d-4e48-4a18-ac29-ca8ffa6a27b8",
      "x_position": -854,
      "y_position": 437,
      "points": 593918,
      "date_joined": "2017-10-30T22:02:49.384Z",
      "last_accessed": "2017-10-30T22:02:49.384Z"
    }
  },
  {
    "model": "unity_userdata.player_gamesession",
    "pk": 82,
    "fields": {
      "player": "69",
      "game_session": "70f5f46d-4e48-4a18-ac29-ca8ffa6a27b8",
      "x_position": -228,
      "y_position": 547,
      "points": 277294,
      "date_joined": "2017-10-30T22:02:49.387Z",
      "last_accessed": "2017-10-30T22:02:49.387Z"
    }
  },
  {
    "model": "unity_userdata.player_gamesession",
    "pk": 83,
    "fields": {
      "player": "24",
      "game_session": "6eaef831-a7be-4d2a-b12a-66690ab0cf70",
      "x_position": 446,
      "y_position": -335,
      "points": 910343,
      "date_joined": "2017-10-30T22:02:49.389Z",
      "last_accessed": "2017-10-30T22:02:49.389Z"
    }
  },
  {
    "model": "unity_userdata.player_gamesession",
    "pk": 84,
    "fields": {
      "player": "2",
      "game_session": "1222d94e-271c-4664-942e-169cc173bfa4",
      "x_position": -758,
      "y_position": -912,
      "points": 484261,
      "date_joined": "2017-10-30T22:02:49.392Z",
      "last_accessed": "2017-10-30T22:02:49.392Z"
    }
  },
  {
    "model": "unity_userdata.player_gamesession",
    "pk": 85,
    "fields": {
      "player": "35",
      "game_session": "32566e77-1679-439e-926f-77c7a8622c9f",
      "x_position": 797,
      "y_position": 95,
      "points": 97945,
      "date_joined": "2017-10-30T22:02:49.396Z",
      "last_accessed": "2017-10-30T22:02:49.396Z"
    }
  },
  {
    "model": "unity_userdata.player_gamesession",
    "pk": 86,
    "fields": {
      "player": "10",
      "game_session": "1222d94e-271c-4664-942e-169cc173bfa4",
      "x_position": 222,
      "y_position": 632,
      "points": 979821,
      "date_joined": "2017-10-30T22:02:49.399Z",
      "last_accessed": "2017-10-30T22:02:49.399Z"
    }
  },
  {
    "model": "unity_userdata.player_gamesession",
    "pk": 87,
    "fields": {
      "player": "17",
      "game_session": "62e6897c-322f-49c3-bded-5843de39ed03",
      "x_position": 492,
      "y_position": -152,
      "points": 916272,
      "date_joined": "2017-10-30T22:02:49.402Z",
      "last_accessed": "2017-10-30T22:02:49.402Z"
    }
  },
  {
    "model": "unity_userdata.player_gamesession",
    "pk": 88,
    "fields": {
      "player": "92",
      "game_session": "62e6897c-322f-49c3-bded-5843de39ed03",
      "x_position": -300,
      "y_position": -908,
      "points": 651237,
      "date_joined": "2017-10-30T22:02:49.405Z",
      "last_accessed": "2017-10-30T22:02:49.405Z"
    }
  },
  {
    "model": "unity_userdata.player_gamesession",
    "pk": 89,
    "fields": {
      "player": "34",
      "game_session": "835fedef-df3e-470f-9bc3-5e2935f0db13",
      "x_position": -80,
      "y_position": -756,
      "points": 379170,
      "date_joined": "2017-10-30T22:02:49.407Z",
      "last_accessed": "2017-10-30T22:02:49.407Z"
    }
  },
  {
    "model": "unity_userdata.player_gamesession",
    "pk": 90,
    "fields": {
      "player": "84",
      "game_session": "d94adff3-1195-46a0-9adc-147d3e968511",
      "x_position": -723,
      "y_position": -83,
      "points": 79517,
      "date_joined": "2017-10-30T22:02:49.410Z",
      "last_accessed": "2017-10-30T22:02:49.411Z"
    }
  },
  {
    "model": "unity_userdata.player_gamesession",
    "pk": 91,
    "fields": {
      "player": "82",
      "game_session": "34236cc4-3ec3-4532-b345-d742298e48c8",
      "x_position": -389,
      "y_position": -248,
      "points": 175644,
      "date_joined": "2017-10-30T22:02:49.413Z",
      "last_accessed": "2017-10-30T22:02:49.413Z"
    }
  },
  {
    "model": "unity_userdata.player_gamesession",
    "pk": 92,
    "fields": {
      "player": "35",
      "game_session": "34236cc4-3ec3-4532-b345-d742298e48c8",
      "x_position": -254,
      "y_position": 233,
      "points": 579801,
      "date_joined": "2017-10-30T22:02:49.416Z",
      "last_accessed": "2017-10-30T22:02:49.416Z"
    }
  },
  {
    "model": "unity_userdata.player_gamesession",
    "pk": 93,
    "fields": {
      "player": "21",
      "game_session": "62e6897c-322f-49c3-bded-5843de39ed03",
      "x_position": -814,
      "y_position": -28,
      "points": 150788,
      "date_joined": "2017-10-30T22:02:49.419Z",
      "last_accessed": "2017-10-30T22:02:49.419Z"
    }
  },
  {
    "model": "unity_userdata.player_gamesession",
    "pk": 94,
    "fields": {
      "player": "43",
      "game_session": "835fedef-df3e-470f-9bc3-5e2935f0db13",
      "x_position": -127,
      "y_position": -308,
      "points": 840461,
      "date_joined": "2017-10-30T22:02:49.421Z",
      "last_accessed": "2017-10-30T22:02:49.421Z"
    }
  },
  {
    "model": "unity_userdata.player_gamesession",
    "pk": 95,
    "fields": {
      "player": "64",
      "game_session": "32566e77-1679-439e-926f-77c7a8622c9f",
      "x_position": -415,
      "y_position": -884,
      "points": 380411,
      "date_joined": "2017-10-30T22:02:49.424Z",
      "last_accessed": "2017-10-30T22:02:49.424Z"
    }
  },
  {
    "model": "unity_userdata.player_gamesession",
    "pk": 96,
    "fields": {
      "player": "20",
      "game_session": "70f5f46d-4e48-4a18-ac29-ca8ffa6a27b8",
      "x_position": 785,
      "y_position": -876,
      "points": 148864,
      "date_joined": "2017-10-30T22:02:49.428Z",
      "last_accessed": "2017-10-30T22:02:49.428Z"
    }
  },
  {
    "model": "unity_userdata.player_gamesession",
    "pk": 97,
    "fields": {
      "player": "96",
      "game_session": "835fedef-df3e-470f-9bc3-5e2935f0db13",
      "x_position": -951,
      "y_position": -721,
      "points": 752778,
      "date_joined": "2017-10-30T22:02:49.430Z",
      "last_accessed": "2017-10-30T22:02:49.430Z"
    }
  },
  {
    "model": "unity_userdata.player_gamesession",
    "pk": 98,
    "fields": {
      "player": "3",
      "game_session": "34236cc4-3ec3-4532-b345-d742298e48c8",
      "x_position": 147,
      "y_position": -357,
      "points": 261050,
      "date_joined": "2017-10-30T22:02:49.433Z",
      "last_accessed": "2017-10-30T22:02:49.433Z"
    }
  },
  {
    "model": "unity_userdata.player_gamesession",
    "pk": 99,
    "fields": {
      "player": "66",
      "game_session": "1222d94e-271c-4664-942e-169cc173bfa4",
      "x_position": -74,
      "y_position": -283,
      "points": 995768,
      "date_joined": "2017-10-30T22:02:49.435Z",
      "last_accessed": "2017-10-30T22:02:49.435Z"
    }
  },
  {
    "model": "unity_userdata.player_gamesession",
    "pk": 100,
    "fields": {
      "player": "43",
      "game_session": "1222d94e-271c-4664-942e-169cc173bfa4",
      "x_position": 805,
      "y_position": -44,
      "points": 237377,
      "date_joined": "2017-10-30T22:02:49.438Z",
      "last_accessed": "2017-10-30T22:02:49.438Z"
    }
  },
  {
    "model": "authtoken.token",
    "pk": "009bbcb224f6598001068d37390ef990c6c1c221",
    "fields": {
      "user": "36",
      "created": "2017-10-30T22:00:04.923Z"
    }
  },
  {
    "model": "authtoken.token",
    "pk": "020350cc2f7e811aa33dc1d6cb078f0f47c4815f",
    "fields": {
      "user": "39",
      "created": "2017-10-30T22:00:05.058Z"
    }
  },
  {
    "model": "authtoken.token",
    "pk": "02a501608868a6eb08da29ee3365f84579a06d4b",
    "fields": {
      "user": "27",
      "created": "2017-10-30T22:00:04.510Z"
    }
  },
  {
    "model": "authtoken.token",
    "pk": "0322e5ada0ef1b7410c58846bf7d79c4c9be7797",
    "fields": {
      "user": "5",
      "created": "2017-10-30T22:00:03.476Z"
    }
  },
  {
    "model": "authtoken.token",
    "pk": "05707efe7a88c362e41334e69370053b700013ca",
    "fields": {
      "user": "28",
      "created": "2017-10-30T22:00:04.559Z"
    }
  },
  {
    "model": "authtoken.token",
    "pk": "091a43bd6306ab6c8a08613ccc953a1c0f0b4429",
    "fields": {
      "user": "8",
      "created": "2017-10-30T22:00:03.620Z"
    }
  },
  {
    "model": "authtoken.token",
    "pk": "0b1d417a07d9147b9cf656f0b4dbbb8ae385481d",
    "fields": {
      "user": "4",
      "created": "2017-10-30T22:00:03.431Z"
    }
  },
  {
    "model": "authtoken.token",
    "pk": "124b475f1261d4183311f84697f41cede51c3bb3",
    "fields": {
      "user": "71",
      "created": "2017-10-30T22:00:06.542Z"
    }
  },
  {
    "model": "authtoken.token",
    "pk": "126eefa6a42775d73e28a7a73c95343d77ed2dab",
    "fields": {
      "user": "22",
      "created": "2017-10-30T22:00:04.274Z"
    }
  },
  {
    "model": "authtoken.token",
    "pk": "12a9cda3762b9438910e49aed15278180640c2c8",
    "fields": {
      "user": "16",
      "created": "2017-10-30T22:00:03.989Z"
    }
  },
  {
    "model": "authtoken.token",
    "pk": "148075f57a683ef8b785f50f69b1b3a60df6e150",
    "fields": {
      "user": "33",
      "created": "2017-10-30T22:00:04.786Z"
    }
  },
  {
    "model": "authtoken.token",
    "pk": "18fd90a1c51b3cfcaa7e5c34192f4c26ba46ac4c",
    "fields": {
      "user": "51",
      "created": "2017-10-30T22:00:05.590Z"
    }
  },
  {
    "model": "authtoken.token",
    "pk": "1a2c462911f05fb4c58d2e379cbc9f4577d59cfe",
    "fields": {
      "user": "77",
      "created": "2017-10-30T22:00:06.813Z"
    }
  },
  {
    "model": "authtoken.token",
    "pk": "1e397a0feb28cbd08d8b03b00ee4311e946d889d",
    "fields": {
      "user": "64",
      "created": "2017-10-30T22:00:06.192Z"
    }
  },
  {
    "model": "authtoken.token",
    "pk": "27e6276bfbc078e21fc9ef3501ea5a7ea02cb0e6",
    "fields": {
      "user": "82",
      "created": "2017-10-30T22:00:07.045Z"
    }
  },
  {
    "model": "authtoken.token",
    "pk": "28ea6ba4ee136490fe41041e30c97bdf8d1f5908",
    "fields": {
      "user": "95",
      "created": "2017-10-30T22:00:07.629Z"
    }
  },
  {
    "model": "authtoken.token",
    "pk": "2a591431c00f5d9a9033b05df2560534171c8d63",
    "fields": {
      "user": "66",
      "created": "2017-10-30T22:00:06.318Z"
    }
  },
  {
    "model": "authtoken.token",
    "pk": "2cee83aecd8bd6efc7ccf70c977b61cc05e3c09b",
    "fields": {
      "user": "90",
      "created": "2017-10-30T22:00:07.408Z"
    }
  },
  {
    "model": "authtoken.token",
    "pk": "2f903fdac15cf20597b2fe5bec18bd59c4d7bddb",
    "fields": {
      "user": "97",
      "created": "2017-10-30T22:00:07.719Z"
    }
  },
  {
    "model": "authtoken.token",
    "pk": "30495e261f6e27b5e2efc6d22ada7097ad7bf6fd",
    "fields": {
      "user": "31",
      "created": "2017-10-30T22:00:04.692Z"
    }
  },
  {
    "model": "authtoken.token",
    "pk": "31124f352bef2358a75f5a729a442eb0c9f69394",
    "fields": {
      "user": "25",
      "created": "2017-10-30T22:00:04.419Z"
    }
  },
  {
    "model": "authtoken.token",
    "pk": "34deaf39633099cfe96537ce2977535587ad6c47",
    "fields": {
      "user": "45",
      "created": "2017-10-30T22:00:05.328Z"
    }
  },
  {
    "model": "authtoken.token",
    "pk": "34e5903ecb063c006da56498011fc50c14a5fe71",
    "fields": {
      "user": "79",
      "created": "2017-10-30T22:00:06.906Z"
    }
  },
  {
    "model": "authtoken.token",
    "pk": "38b12721187716d844f018ab7c147dffac667b57",
    "fields": {
      "user": "85",
      "created": "2017-10-30T22:00:07.182Z"
    }
  },
  {
    "model": "authtoken.token",
    "pk": "3901fba3adb3d67a3070a227c4b9fa229292f086",
    "fields": {
      "user": "38",
      "created": "2017-10-30T22:00:05.014Z"
    }
  },
  {
    "model": "authtoken.token",
    "pk": "3a2c36824300555e16f5dbcc8754279265c88694",
    "fields": {
      "user": "13",
      "created": "2017-10-30T22:00:03.843Z"
    }
  },
  {
    "model": "authtoken.token",
    "pk": "3a8122a26305a89d79ab01a9ba6c0214c602e6b6",
    "fields": {
      "user": "32",
      "created": "2017-10-30T22:00:04.738Z"
    }
  },
  {
    "model": "authtoken.token",
    "pk": "3ed2caa51c84b49c64378ee031fb14b0792ed43a",
    "fields": {
      "user": "20",
      "created": "2017-10-30T22:00:04.173Z"
    }
  },
  {
    "model": "authtoken.token",
    "pk": "3edda6ea28cf8bfa3f19ab4c5392f604b0cbc3cc",
    "fields": {
      "user": "80",
      "created": "2017-10-30T22:00:06.952Z"
    }
  },
  {
    "model": "authtoken.token",
    "pk": "4141b7a6c7604f9328011c1a36e25f7d9982a06f",
    "fields": {
      "user": "94",
      "created": "2017-10-30T22:00:07.586Z"
    }
  },
  {
    "model": "authtoken.token",
    "pk": "4784265f0f6d28fec90d23c423876766238a6d47",
    "fields": {
      "user": "61",
      "created": "2017-10-30T22:00:06.053Z"
    }
  },
  {
    "model": "authtoken.token",
    "pk": "4bc650194c8b1f21d4db6a9012eccec38c47d31a",
    "fields": {
      "user": "62",
      "created": "2017-10-30T22:00:06.099Z"
    }
  },
  {
    "model": "authtoken.token",
    "pk": "4c74f8c722a0d410259b0205470a4200a93b46f8",
    "fields": {
      "user": "100",
      "created": "2017-10-30T22:00:07.857Z"
    }
  },
  {
    "model": "authtoken.token",
    "pk": "4dbd6a0c725b9e0f648cd8dc643700f485638d43",
    "fields": {
      "user": "50",
      "created": "2017-10-30T22:00:05.546Z"
    }
  },
  {
    "model": "authtoken.token",
    "pk": "4f909fcd685a669180c8cae561d22f44e9345fd5",
    "fields": {
      "user": "70",
      "created": "2017-10-30T22:00:06.497Z"
    }
  },
  {
    "model": "authtoken.token",
    "pk": "510871d6c3c8a1118f02ecea0eec874c275c63ce",
    "fields": {
      "user": "21",
      "created": "2017-10-30T22:00:04.225Z"
    }
  },
  {
    "model": "authtoken.token",
    "pk": "558d069082ca5a89f3803eeaaad02c4717f1da48",
    "fields": {
      "user": "99",
      "created": "2017-10-30T22:00:07.811Z"
    }
  },
  {
    "model": "authtoken.token",
    "pk": "5764b74338464f079f94472b855e2a34a352237f",
    "fields": {
      "user": "43",
      "created": "2017-10-30T22:00:05.239Z"
    }
  },
  {
    "model": "authtoken.token",
    "pk": "57c3faa745ebb5e198e6f92a817ebb60a4dda800",
    "fields": {
      "user": "88",
      "created": "2017-10-30T22:00:07.317Z"
    }
  },
  {
    "model": "authtoken.token",
    "pk": "58b9d34e7135b7e22892b0e31d29ddeffb1a85de",
    "fields": {
      "user": "96",
      "created": "2017-10-30T22:00:07.674Z"
    }
  },
  {
    "model": "authtoken.token",
    "pk": "5f3b573320dd687eca21507b51edc38bc74ca3d8",
    "fields": {
      "user": "60",
      "created": "2017-10-30T22:00:06.005Z"
    }
  },
  {
    "model": "authtoken.token",
    "pk": "641609bb97be98b867bbc671a3df1338bee0aef7",
    "fields": {
      "user": "75",
      "created": "2017-10-30T22:00:06.721Z"
    }
  },
  {
    "model": "authtoken.token",
    "pk": "64e4a91d9cb55ffef70eb48fca8f4087d81bb4c0",
    "fields": {
      "user": "23",
      "created": "2017-10-30T22:00:04.322Z"
    }
  },
  {
    "model": "authtoken.token",
    "pk": "662079b3e838c8f6e903ac8e6de08ee52f120baf",
    "fields": {
      "user": "98",
      "created": "2017-10-30T22:00:07.764Z"
    }
  },
  {
    "model": "authtoken.token",
    "pk": "6b25fea4b90477f2f11c41f1f5af51fdc442d409",
    "fields": {
      "user": "89",
      "created": "2017-10-30T22:00:07.361Z"
    }
  },
  {
    "model": "authtoken.token",
    "pk": "6d77aa2a7d03654ed2d09d43b64cb01f9b909d97",
    "fields": {
      "user": "63",
      "created": "2017-10-30T22:00:06.147Z"
    }
  },
  {
    "model": "authtoken.token",
    "pk": "723bf01aaa4be5efefa68d8ec03ea7ffd1efb592",
    "fields": {
      "user": "48",
      "created": "2017-10-30T22:00:05.458Z"
    }
  },
  {
    "model": "authtoken.token",
    "pk": "74c85b5f108169293f83f812cc6ded860e65c428",
    "fields": {
      "user": "26",
      "created": "2017-10-30T22:00:04.464Z"
    }
  },
  {
    "model": "authtoken.token",
    "pk": "751cb5d3d2ab3ada07ffe46b0a2a8e240b147990",
    "fields": {
      "user": "65",
      "created": "2017-10-30T22:00:06.271Z"
    }
  },
  {
    "model": "authtoken.token",
    "pk": "7dec1c5a91613e74c3ede273dba64ba66de95ba2",
    "fields": {
      "user": "41",
      "created": "2017-10-30T22:00:05.149Z"
    }
  },
  {
    "model": "authtoken.token",
    "pk": "809a083660d0986dfaa28ece1327f4887cf2d2a1",
    "fields": {
      "user": "72",
      "created": "2017-10-30T22:00:06.585Z"
    }
  },
  {
    "model": "authtoken.token",
    "pk": "83354e85a8eda300e0facd7b31b6780b823c3745",
    "fields": {
      "user": "55",
      "created": "2017-10-30T22:00:05.773Z"
    }
  },
  {
    "model": "authtoken.token",
    "pk": "834104ffc1ee578dc90183200b07e70bb91ee3d4",
    "fields": {
      "user": "84",
      "created": "2017-10-30T22:00:07.137Z"
    }
  },
  {
    "model": "authtoken.token",
    "pk": "856101770cdb63505420a0e75396ffc0ae68e63e",
    "fields": {
      "user": "12",
      "created": "2017-10-30T22:00:03.797Z"
    }
  },
  {
    "model": "authtoken.token",
    "pk": "86013eb98043aa60d0026474b14dae6971669b81",
    "fields": {
      "user": "93",
      "created": "2017-10-30T22:00:07.537Z"
    }
  },
  {
    "model": "authtoken.token",
    "pk": "875191279fbf09e4126d89ce61f785bf147e8abd",
    "fields": {
      "user": "76",
      "created": "2017-10-30T22:00:06.767Z"
    }
  },
  {
    "model": "authtoken.token",
    "pk": "87eb96a6efe211654445011bba75fa82f5423a6f",
    "fields": {
      "user": "17",
      "created": "2017-10-30T22:00:04.037Z"
    }
  },
  {
    "model": "authtoken.token",
    "pk": "8b024d4807292f581e49cb2af9732e5bc1323b35",
    "fields": {
      "user": "59",
      "created": "2017-10-30T22:00:05.962Z"
    }
  },
  {
    "model": "authtoken.token",
    "pk": "8f96a3a53d4a9abee8dd35c816daa092e17e9853",
    "fields": {
      "user": "67",
      "created": "2017-10-30T22:00:06.360Z"
    }
  },
  {
    "model": "authtoken.token",
    "pk": "917a91f8fa978c7d9c652e24cf044c73c6b926ed",
    "fields": {
      "user": "57",
      "created": "2017-10-30T22:00:05.871Z"
    }
  },
  {
    "model": "authtoken.token",
    "pk": "92bc0a403e9102b3577009487fcd35dde2c5a05f",
    "fields": {
      "user": "87",
      "created": "2017-10-30T22:00:07.272Z"
    }
  },
  {
    "model": "authtoken.token",
    "pk": "93ac3e59f2749c0b2814cd6e7c8b9a2d31a0b483",
    "fields": {
      "user": "10",
      "created": "2017-10-30T22:00:03.707Z"
    }
  },
  {
    "model": "authtoken.token",
    "pk": "9752f3a596f46e8807b1769e4c5a91ba192d2cff",
    "fields": {
      "user": "47",
      "created": "2017-10-30T22:00:05.412Z"
    }
  },
  {
    "model": "authtoken.token",
    "pk": "9a66ce391932b00933e8ea32663d7f0451bcb05c",
    "fields": {
      "user": "58",
      "created": "2017-10-30T22:00:05.915Z"
    }
  },
  {
    "model": "authtoken.token",
    "pk": "9e4f2855dc10fac4efae2f11c4f9d561111c7a34",
    "fields": {
      "user": "15",
      "created": "2017-10-30T22:00:03.944Z"
    }
  },
  {
    "model": "authtoken.token",
    "pk": "a16f1d87e125e398f3e2fe654cb76638e3589699",
    "fields": {
      "user": "9",
      "created": "2017-10-30T22:00:03.661Z"
    }
  },
  {
    "model": "authtoken.token",
    "pk": "a30d069bf79bcc72c524134e5aa37eea49fd1da6",
    "fields": {
      "user": "54",
      "created": "2017-10-30T22:00:05.728Z"
    }
  },
  {
    "model": "authtoken.token",
    "pk": "a7fc89935676025ca04feda839e55a4c9aa7fd96",
    "fields": {
      "user": "35",
      "created": "2017-10-30T22:00:04.878Z"
    }
  },
  {
    "model": "authtoken.token",
    "pk": "a992a27aa27ee50acdfa770b7978252ba121091d",
    "fields": {
      "user": "34",
      "created": "2017-10-30T22:00:04.830Z"
    }
  },
  {
    "model": "authtoken.token",
    "pk": "ab4846df0082f3cdc5469c11068bbe39099e6752",
    "fields": {
      "user": "46",
      "created": "2017-10-30T22:00:05.370Z"
    }
  },
  {
    "model": "authtoken.token",
    "pk": "ab7b6bd4d601f00371e1ee2e083e940c1a49924a",
    "fields": {
      "user": "68",
      "created": "2017-10-30T22:00:06.404Z"
    }
  },
  {
    "model": "authtoken.token",
    "pk": "afa93eaeff2bc6e5add17040d9797015c84b4f2e",
    "fields": {
      "user": "40",
      "created": "2017-10-30T22:00:05.101Z"
    }
  },
  {
    "model": "authtoken.token",
    "pk": "b14e55db4eeceef46782504b774719600b7af969",
    "fields": {
      "user": "18",
      "created": "2017-10-30T22:00:04.083Z"
    }
  },
  {
    "model": "authtoken.token",
    "pk": "b23970d9eefa37b455cccb5bf9688980c7f43ad4",
    "fields": {
      "user": "52",
      "created": "2017-10-30T22:00:05.637Z"
    }
  },
  {
    "model": "authtoken.token",
    "pk": "b2af5600d1486fd5272aaecfa4fd5977f25232d6",
    "fields": {
      "user": "29",
      "created": "2017-10-30T22:00:04.603Z"
    }
  },
  {
    "model": "authtoken.token",
    "pk": "bc47610da7f6ee27b059d72b5f2d75d9ea7a7ec4",
    "fields": {
      "user": "1",
      "created": "2017-10-30T22:00:03.294Z"
    }
  },
  {
    "model": "authtoken.token",
    "pk": "bfb0b005602989d5a0c1cd5a4392a0229467465e",
    "fields": {
      "user": "2",
      "created": "2017-10-30T22:00:03.340Z"
    }
  },
  {
    "model": "authtoken.token",
    "pk": "c1f3304f3706579c6133af8709ca1c6a79e4098d",
    "fields": {
      "user": "53",
      "created": "2017-10-30T22:00:05.679Z"
    }
  },
  {
    "model": "authtoken.token",
    "pk": "c2cb1688f8d0abc503482eb126064a589fd7115e",
    "fields": {
      "user": "11",
      "created": "2017-10-30T22:00:03.753Z"
    }
  },
  {
    "model": "authtoken.token",
    "pk": "caf8c42f6f994dc4a01d2bb35f285d9a4814fe4c",
    "fields": {
      "user": "44",
      "created": "2017-10-30T22:00:05.281Z"
    }
  },
  {
    "model": "authtoken.token",
    "pk": "cfec1a0f77511991a77bf3438968466360b509dc",
    "fields": {
      "user": "42",
      "created": "2017-10-30T22:00:05.192Z"
    }
  },
  {
    "model": "authtoken.token",
    "pk": "dd87f41d1b9e046618fc5b54306a6cd5ddfe69cc",
    "fields": {
      "user": "69",
      "created": "2017-10-30T22:00:06.451Z"
    }
  },
  {
    "model": "authtoken.token",
    "pk": "dd8b126ef765dfd4aae044040668bde93d1d2459",
    "fields": {
      "user": "73",
      "created": "2017-10-30T22:00:06.633Z"
    }
  },
  {
    "model": "authtoken.token",
    "pk": "e68d49417104798a982aa3e7c6694eb9c953da61",
    "fields": {
      "user": "92",
      "created": "2017-10-30T22:00:07.493Z"
    }
  },
  {
    "model": "authtoken.token",
    "pk": "eba7dfbc3cce29566b6c5c2c5cbc34d9779975c7",
    "fields": {
      "user": "86",
      "created": "2017-10-30T22:00:07.225Z"
    }
  },
  {
    "model": "authtoken.token",
    "pk": "ebfe95799226d9bd3b80dff6314ca403a27abf6b",
    "fields": {
      "user": "24",
      "created": "2017-10-30T22:00:04.370Z"
    }
  },
  {
    "model": "authtoken.token",
    "pk": "ec8c33b73eaa8ac41b934a8d30db964df3e675bc",
    "fields": {
      "user": "56",
      "created": "2017-10-30T22:00:05.824Z"
    }
  },
  {
    "model": "authtoken.token",
    "pk": "ef680fa698124bf65e45d62ff37d452156899225",
    "fields": {
      "user": "3",
      "created": "2017-10-30T22:00:03.385Z"
    }
  },
  {
    "model": "authtoken.token",
    "pk": "f19046f32be77d2c3e7e41ce5432facb9136cacb",
    "fields": {
      "user": "78",
      "created": "2017-10-30T22:00:06.861Z"
    }
  },
  {
    "model": "authtoken.token",
    "pk": "f21faaa92c8d5129fd1e689dc32fe0782004dfe6",
    "fields": {
      "user": "7",
      "created": "2017-10-30T22:00:03.573Z"
    }
  },
  {
    "model": "authtoken.token",
    "pk": "f394cb463e2a054d2720a5caa25efd6bb263e9bf",
    "fields": {
      "user": "37",
      "created": "2017-10-30T22:00:04.968Z"
    }
  },
  {
    "model": "authtoken.token",
    "pk": "f3a4a029319591603e93f87daa5245d0e02a17bd",
    "fields": {
      "user": "19",
      "created": "2017-10-30T22:00:04.126Z"
    }
  },
  {
    "model": "authtoken.token",
    "pk": "f584e50cf3405943c3aabce20d3f756a395fd3c9",
    "fields": {
      "user": "30",
      "created": "2017-10-30T22:00:04.650Z"
    }
  },
  {
    "model": "authtoken.token",
    "pk": "f5a763a4cf05c38da195b6ef80f9d3c889294209",
    "fields": {
      "user": "49",
      "created": "2017-10-30T22:00:05.500Z"
    }
  },
  {
    "model": "authtoken.token",
    "pk": "f700f082ee6911725474e32819488f72fcad8079",
    "fields": {
      "user": "74",
      "created": "2017-10-30T22:00:06.678Z"
    }
  },
  {
    "model": "authtoken.token",
    "pk": "f7259dd8d9aa02d76ac180107939175b9373dd14",
    "fields": {
      "user": "6",
      "created": "2017-10-30T22:00:03.527Z"
    }
  },
  {
    "model": "authtoken.token",
    "pk": "fd2bfac0bef20d2db092c4feb6afa1ef7c521005",
    "fields": {
      "user": "91",
      "created": "2017-10-30T22:00:07.452Z"
    }
  },
  {
    "model": "authtoken.token",
    "pk": "fdd17e3650f4aa13ed27255280a0e48c045c3467",
    "fields": {
      "user": "81",
      "created": "2017-10-30T22:00:07.001Z"
    }
  },
  {
    "model": "authtoken.token",
    "pk": "fe0191c545dbfe33bbd0ad607262bb8e4071bc5e",
    "fields": {
      "user": "83",
      "created": "2017-10-30T22:00:07.092Z"
    }
  },
  {
    "model": "authtoken.token",
    "pk": "fe67845cc8b19b517598ab02a0c9dd5d71d2bdc3",
    "fields": {
      "user": "14",
      "created": "2017-10-30T22:00:03.895Z"
    }
  }
]